{
    "name": "root",
    "gauges": {
        "SmartBehaviour.Policy.Entropy.mean": {
            "value": 0.1305951327085495,
            "min": 0.06671585887670517,
            "max": 0.17273226380348206,
            "count": 26
        },
        "SmartBehaviour.Policy.Entropy.sum": {
            "value": 3884.55224609375,
            "min": 875.565673828125,
            "max": 5205.63720703125,
            "count": 26
        },
        "SmartBehaviour.Policy.ExtrinsicValueEstimate.mean": {
            "value": 3.5697073936462402,
            "min": 1.5534824132919312,
            "max": 4.150002479553223,
            "count": 26
        },
        "SmartBehaviour.Policy.ExtrinsicValueEstimate.sum": {
            "value": 546.1652221679688,
            "min": 27.962682723999023,
            "max": 2885.12158203125,
            "count": 26
        },
        "SmartBehaviour.Environment.EpisodeLength.mean": {
            "value": 481.7083333333333,
            "min": 14.127564102564103,
            "max": 2284.714285714286,
            "count": 26
        },
        "SmartBehaviour.Environment.EpisodeLength.sum": {
            "value": 34683.0,
            "min": 985.0,
            "max": 34683.0,
            "count": 26
        },
        "SmartBehaviour.Environment.CumulativeReward.mean": {
            "value": 16.90065116361833,
            "min": -0.7623900818106916,
            "max": 97.39216589927673,
            "count": 26
        },
        "SmartBehaviour.Environment.CumulativeReward.sum": {
            "value": 1199.9462326169014,
            "min": -1190.0909177064896,
            "max": 1454.538304388523,
            "count": 26
        },
        "SmartBehaviour.Policy.ExtrinsicReward.mean": {
            "value": 16.90065116361833,
            "min": -0.7623900818106916,
            "max": 97.39216589927673,
            "count": 26
        },
        "SmartBehaviour.Policy.ExtrinsicReward.sum": {
            "value": 1199.9462326169014,
            "min": -1190.0909177064896,
            "max": 1454.538304388523,
            "count": 26
        },
        "SmartBehaviour.IsTraining.mean": {
            "value": 1.0,
            "min": 1.0,
            "max": 1.0,
            "count": 26
        },
        "SmartBehaviour.IsTraining.sum": {
            "value": 1.0,
            "min": 1.0,
            "max": 1.0,
            "count": 26
        },
        "SmartBehaviour.Losses.PolicyLoss.mean": {
            "value": 0.04856088230444584,
            "min": 0.0447135518072173,
            "max": 0.06231126822531223,
            "count": 25
        },
        "SmartBehaviour.Losses.PolicyLoss.sum": {
            "value": 0.04856088230444584,
            "min": 0.0447135518072173,
            "max": 0.10351076436927542,
            "count": 25
        },
        "SmartBehaviour.Losses.ValueLoss.mean": {
            "value": 0.11646573992135624,
            "min": 0.04086479255153487,
            "max": 0.18759295543810972,
            "count": 25
        },
        "SmartBehaviour.Losses.ValueLoss.sum": {
            "value": 0.11646573992135624,
            "min": 0.04086479255153487,
            "max": 0.37518591087621944,
            "count": 25
        },
        "SmartBehaviour.Policy.LearningRate.mean": {
            "value": 0.0023058456231384796,
            "min": 0.0023058456231384796,
            "max": 0.00273843480871884,
            "count": 25
        },
        "SmartBehaviour.Policy.LearningRate.sum": {
            "value": 0.0023058456231384796,
            "min": 0.0023058456231384796,
            "max": 0.00543978481867384,
            "count": 25
        },
        "SmartBehaviour.Policy.Epsilon.mean": {
            "value": 0.10000000000000002,
            "min": 0.10000000000000002,
            "max": 0.10000000000000002,
            "count": 25
        },
        "SmartBehaviour.Policy.Epsilon.sum": {
            "value": 0.10000000000000002,
            "min": 0.10000000000000002,
            "max": 0.20000000000000004,
            "count": 25
        },
        "SmartBehaviour.Policy.Beta.mean": {
            "value": 0.007688465847999998,
            "min": 0.007688465847999998,
            "max": 0.009128987884,
            "count": 25
        },
        "SmartBehaviour.Policy.Beta.sum": {
            "value": 0.007688465847999998,
            "min": 0.007688465847999998,
            "max": 0.018134483384000002,
            "count": 25
        }
    },
    "metadata": {
        "timer_format_version": "0.1.0",
        "start_time_seconds": "1617266988",
        "python_version": "3.7.9 (tags/v3.7.9:13c94747c7, Aug 17 2020, 18:58:18) [MSC v.1900 64 bit (AMD64)]",
        "command_line_arguments": "C:\\Users\\home-user\\Desktop\\CS4442-Project\\Flappy_Bird\\venv\\Scripts\\mlagents-learn Config\\TEST27.yaml --run-id=TEST27(fixedstep) --resume",
        "mlagents_version": "0.25.0",
        "mlagents_envs_version": "0.25.0",
        "communication_protocol_version": "1.5.0",
        "pytorch_version": "1.7.1+cu110",
        "numpy_version": "1.20.1",
        "end_time_seconds": "1617270082"
    },
    "total": 3094.5637642,
    "count": 1,
    "self": 0.008598699999765813,
    "children": {
        "run_training.setup": {
            "total": 0.1870689000000001,
            "count": 1,
            "self": 0.1870689000000001
        },
        "TrainerController.start_learning": {
            "total": 3094.3680966,
            "count": 1,
            "self": 5.021608600036416,
            "children": {
                "TrainerController._reset_env": {
                    "total": 28.198953,
                    "count": 1,
                    "self": 28.198953
                },
                "TrainerController.advance": {
                    "total": 3060.9836330999633,
                    "count": 153276,
                    "self": 2.8680529999046485,
                    "children": {
                        "env_step": {
                            "total": 3058.1155801000587,
                            "count": 153276,
                            "self": 2469.4471287000442,
                            "children": {
                                "SubprocessEnvManager._take_step": {
                                    "total": 585.919045699997,
                                    "count": 153276,
                                    "self": 11.14017690000128,
                                    "children": {
                                        "TorchPolicy.evaluate": {
                                            "total": 574.7788687999957,
                                            "count": 151402,
                                            "self": 127.53503450003024,
                                            "children": {
                                                "TorchPolicy.sample_actions": {
                                                    "total": 447.2438342999655,
                                                    "count": 151402,
                                                    "self": 447.2438342999655
                                                }
                                            }
                                        }
                                    }
                                },
                                "workers": {
                                    "total": 2.749405700017565,
                                    "count": 153275,
                                    "self": 0.0,
                                    "children": {
                                        "worker_root": {
                                            "total": 3060.887664499925,
                                            "count": 153275,
                                            "is_parallel": true,
                                            "self": 917.0725340999606,