{
    "name": "root",
    "gauges": {
        "SmartBehaviour.Policy.Entropy.mean": {
            "value": 0.6898758411407471,
            "min": 0.6898758411407471,
            "max": 0.6898758411407471,
            "count": 1
        },
        "SmartBehaviour.Policy.Entropy.sum": {
            "value": 3595.6328125,
            "min": 3595.6328125,
            "max": 3595.6328125,
            "count": 1
        },
        "SmartBehaviour.Environment.EpisodeLength.mean": {
            "value": 11.977443609022556,
            "min": 11.977443609022556,
            "max": 11.977443609022556,
            "count": 1
        },
        "SmartBehaviour.Environment.EpisodeLength.sum": {
            "value": 4779.0,
            "min": 4779.0,
            "max": 4779.0,
            "count": 1
        },
        "SmartBehaviour.Policy.ExtrinsicValue.mean": {
            "value": 0.5920318961143494,
            "min": 0.5920318961143494,
            "max": 0.5920318961143494,
            "count": 1
        },
        "SmartBehaviour.Policy.ExtrinsicValue.sum": {
            "value": 227.93228149414062,
            "min": 227.93228149414062,
            "max": 227.93228149414062,
            "count": 1
        },
        "SmartBehaviour.Environment.CumulativeReward.mean": {
            "value": -0.996477920823283,
            "min": -0.996477920823283,
            "max": -0.996477920823283,
            "count": 1
        },
        "SmartBehaviour.Environment.CumulativeReward.sum": {
            "value": -383.64399951696396,
            "min": -383.64399951696396,
            "max": -383.64399951696396,
            "count": 1
        },
        "SmartBehaviour.Policy.ExtrinsicReward.mean": {
            "value": -0.996477920823283,
            "min": -0.996477920823283,
            "max": -0.996477920823283,
            "count": 1
        },
        "SmartBehaviour.Policy.ExtrinsicReward.sum": {
            "value": -383.64399951696396,
            "min": -383.64399951696396,
            "max": -383.64399951696396,
            "count": 1
        },
        "SmartBehaviour.Losses.PolicyLoss.mean": {
            "value": -0.5275991501717657,
            "min": -0.5275991501717657,
            "max": -0.5275991501717657,
            "count": 1
        },
        "SmartBehaviour.Losses.PolicyLoss.sum": {
            "value": -258.5235835841652,
            "min": -258.5235835841652,
            "max": -258.5235835841652,
            "count": 1
        },
        "SmartBehaviour.Losses.ValueLoss.mean": {
            "value": 0.04997756519407528,
            "min": 0.04997756519407528,
            "max": 0.04997756519407528,
            "count": 1
        },
        "SmartBehaviour.Losses.ValueLoss.sum": {
            "value": 24.489006945096886,
            "min": 24.489006945096886,
            "max": 24.489006945096886,
            "count": 1
        },
        "SmartBehaviour.Losses.Q1Loss.mean": {
            "value": 0.15752452591335028,
            "min": 0.15752452591335028,
            "max": 0.15752452591335028,
            "count": 1
        },
        "SmartBehaviour.Losses.Q1Loss.sum": {
            "value": 77.18701769754163,
            "min": 77.18701769754163,
            "max": 77.18701769754163,
            "count": 1
        },
        "SmartBehaviour.Losses.Q2Loss.mean": {
            "value": 0.1449961017544351,
            "min": 0.1449961017544351,
            "max": 0.1449961017544351,
            "count": 1
        },
        "SmartBehaviour.Losses.Q2Loss.sum": {
            "value": 71.04808985967321,
            "min": 71.04808985967321,
            "max": 71.04808985967321,
            "count": 1
        },
        "SmartBehaviour.Policy.DiscreteEntropyCoeff.mean": {
            "value": 0.09881518770849138,
            "min": 0.09881518770849138,
            "max": 0.09881518770849138,
            "count": 1
        },
        "SmartBehaviour.Policy.DiscreteEntropyCoeff.sum": {
            "value": 48.41944197716077,
            "min": 48.41944197716077,
            "max": 48.41944197716077,
            "count": 1
        },
        "SmartBehaviour.Policy.ContinuousEntropyCoeff.mean": {
            "value": 0.09999999403953552,
            "min": 0.09999999403953552,
            "max": 0.09999999403953552,
            "count": 1
        },
        "SmartBehaviour.Policy.ContinuousEntropyCoeff.sum": {
            "value": 48.999997079372406,
            "min": 48.999997079372406,
            "max": 48.999997079372406,
            "count": 1
        },
        "SmartBehaviour.Policy.LearningRate.mean": {
            "value": 5.0000000000000016e-05,
            "min": 5.0000000000000016e-05,
            "max": 5.0000000000000016e-05,
            "count": 1
        },
        "SmartBehaviour.Policy.LearningRate.sum": {
            "value": 0.024500000000000008,
            "min": 0.024500000000000008,
            "max": 0.024500000000000008,
            "count": 1
        },
        "SmartBehaviour.IsTraining.mean": {
            "value": 1.0,
            "min": 1.0,
            "max": 1.0,
            "count": 1
        },
        "SmartBehaviour.IsTraining.sum": {
            "value": 1.0,
            "min": 1.0,
            "max": 1.0,
            "count": 1
        }
    },
    "metadata": {
        "timer_format_version": "0.1.0",
        "start_time_seconds": "1617977111",
        "python_version": "3.7.9 (tags/v3.7.9:13c94747c7, Aug 17 2020, 18:58:18) [MSC v.1900 64 bit (AMD64)]",
        "command_line_arguments": "C:\\Users\\home-user\\Desktop\\CS4442-Project\\Flappy_Bird\\venv\\Scripts\\mlagents-learn Config\\TEST44-sac.yaml --run-id=TEST44",
        "mlagents_version": "0.25.0",
        "mlagents_envs_version": "0.25.0",
        "communication_protocol_version": "1.5.0",
        "pytorch_version": "1.7.1+cu110",
        "numpy_version": "1.20.1",
        "end_time_seconds": "1617977184"
    },
    "total": 72.0869742,
    "count": 1,
    "self": 0.010338399999994863,
    "children": {
        "run_training.setup": {
            "total": 0.1814418,
            "count": 1,
            "self": 0.1814418
        },
        "TrainerController.start_learning": {
            "total": 71.895194,
            "count": 1,
            "self": 1.100343400000341,
            "children": {
                "TrainerController._reset_env": {
                    "total": 13.250375400000001,
                    "count": 1,
                    "self": 13.250375400000001
                },
                "TrainerController.advance": {
                    "total": 56.71295609999965,
                    "count": 2408,
                    "self": 0.04729799999958573,
                    "children": {
                        "env_step": {
                            "total": 56.665658100000066,
                            "count": 2408,
                            "self": 48.324742000000185,
                            "children": {
                                "SubprocessEnvManager._take_step": {
                                    "total": 8.298213900000151,
                                    "count": 2408,
                                    "self": 0.15494660000025817,
                                    "children": {
                                        "TorchPolicy.evaluate": {
                                            "total": 8.143267299999893,
                                            "count": 1936,
                                            "self": 1.7162514000000382,
                                            "children": {
                                                "TorchPolicy.sample_actions": {
                                                    "total": 6.427015899999855,
                                                    "count": 1936,