{
    "name": "root",
    "gauges": {
        "SmartBehaviour.Policy.Entropy.mean": {
            "value": 0.2757664918899536,
            "min": 0.2757664918899536,
            "max": 0.6362287998199463,
            "count": 10
        },
        "SmartBehaviour.Policy.Entropy.sum": {
            "value": 13746.9599609375,
            "min": 13746.9599609375,
            "max": 31875.0625,
            "count": 10
        },
        "SmartBehaviour.Environment.EpisodeLength.mean": {
            "value": 126.26275510204081,
            "min": 15.655677655677655,
            "max": 127.01282051282051,
            "count": 10
        },
        "SmartBehaviour.Environment.EpisodeLength.sum": {
            "value": 49495.0,
            "min": 47014.0,
            "max": 49980.0,
            "count": 10
        },
        "SmartBehaviour.Policy.ExtrinsicValueEstimate.mean": {
            "value": 1333.4053955078125,
            "min": -338.11065673828125,
            "max": 1382.7198486328125,
            "count": 10
        },
        "SmartBehaviour.Policy.ExtrinsicValueEstimate.sum": {
            "value": 1477413.125,
            "min": -860491.625,
            "max": 1511312.75,
            "count": 10
        },
        "SmartBehaviour.Environment.CumulativeReward.mean": {
            "value": 5314.503816793893,
            "min": -217.3217854763491,
            "max": 5351.413881748072,
            "count": 10
        },
        "SmartBehaviour.Environment.CumulativeReward.sum": {
            "value": 2088600.0,
            "min": -652400.0,
            "max": 2088600.0,
            "count": 10
        },
        "SmartBehaviour.Policy.ExtrinsicReward.mean": {
            "value": 5314.503816793893,
            "min": -217.3217854763491,
            "max": 5351.413881748072,
            "count": 10
        },
        "SmartBehaviour.Policy.ExtrinsicReward.sum": {
            "value": 2088600.0,
            "min": -652400.0,
            "max": 2088600.0,
            "count": 10
        },
        "SmartBehaviour.Losses.PolicyLoss.mean": {
            "value": 0.02438521176887055,
            "min": 0.0216687915342239,
            "max": 0.027176800536302226,
            "count": 10
        },
        "SmartBehaviour.Losses.PolicyLoss.sum": {
            "value": 0.12192605884435276,
            "min": 0.0866751661368956,
            "max": 0.13588400268151113,
            "count": 10
        },
        "SmartBehaviour.Losses.ValueLoss.mean": {
            "value": 111162.75125,
            "min": 98672.40796875,
            "max": 240457.91375,
            "count": 10
        },
        "SmartBehaviour.Losses.ValueLoss.sum": {
            "value": 555813.75625,
            "min": 470570.43776041665,
            "max": 1202289.56875,
            "count": 10
        },
        "SmartBehaviour.Policy.LearningRate.mean": {
            "value": 1.5901774699439994e-05,
            "min": 1.5901774699439994e-05,
            "max": 0.00028461510512830005,
            "count": 10
        },
        "SmartBehaviour.Policy.LearningRate.sum": {
            "value": 7.950887349719997e-05,
            "min": 7.950887349719997e-05,
            "max": 0.0012846306717898002,
            "count": 10
        },
        "SmartBehaviour.Policy.Epsilon.mean": {
            "value": 0.10530056000000002,
            "min": 0.10530056000000002,
            "max": 0.19487169999999995,
            "count": 10
        },
        "SmartBehaviour.Policy.Epsilon.sum": {
            "value": 0.5265028,
            "min": 0.4997099999999999,
            "max": 0.9282101999999999,
            "count": 10
        },
        "SmartBehaviour.Policy.Beta.mean": {
            "value": 0.000274497944,
            "min": 0.000274497944,
            "max": 0.00474409783,
            "count": 10
        },
        "SmartBehaviour.Policy.Beta.sum": {
            "value": 0.00137248972,
            "min": 0.00137248972,
            "max": 0.021417688980000002,
            "count": 10
        },
        "SmartBehaviour.IsTraining.mean": {
            "value": 1.0,
            "min": 1.0,
            "max": 1.0,
            "count": 10
        },
        "SmartBehaviour.IsTraining.sum": {
            "value": 1.0,
            "min": 1.0,
            "max": 1.0,
            "count": 10
        }
    },
    "metadata": {
        "timer_format_version": "0.1.0",
        "start_time_seconds": "1616841181",
        "python_version": "3.7.9 (tags/v3.7.9:13c94747c7, Aug 17 2020, 18:58:18) [MSC v.1900 64 bit (AMD64)]",
        "command_line_arguments": "C:\\Users\\home-user\\Desktop\\CS4442-Project\\Flappy_Bird\\venv\\Scripts\\mlagents-learn --run-id=TEST1 --force",
        "mlagents_version": "0.25.0",
        "mlagents_envs_version": "0.25.0",
        "communication_protocol_version": "1.5.0",
        "pytorch_version": "1.7.1+cu110",
        "numpy_version": "1.20.1",
        "end_time_seconds": "1616842345"
    },
    "total": 1163.8280927,
    "count": 1,
    "self": 0.01415650000012647,
    "children": {
        "run_training.setup": {
            "total": 0.1797411,
            "count": 1,
            "self": 0.1797411
        },
        "TrainerController.start_learning": {
            "total": 1163.6341951,
            "count": 1,
            "self": 1.9822431000036431,
            "children": {
                "TrainerController._reset_env": {
                    "total": 12.3960593,
                    "count": 1,
                    "self": 12.3960593
                },
                "TrainerController.advance": {
                    "total": 1149.1631228999963,
                    "count": 58678,
                    "self": 1.1016704000157915,
                    "children": {
                        "env_step": {
                            "total": 1148.0614524999805,
                            "count": 58678,
                            "self": 904.0340013999794,
                            "children": {
                                "SubprocessEnvManager._take_step": {
                                    "total": 242.98744160000643,
                                    "count": 58678,
                                    "self": 4.123536300010869,
                                    "children": {
                                        "TorchPolicy.evaluate": {
                                            "total": 238.86390529999557,
                                            "count": 50031,
                                            "self": 52.735929399984514,
                                            "children": {
                                                "TorchPolicy.sample_actions": {
                                                    "total": 186.12797590001105,
                                                    "count": 50031,
                                                    "self": 186.12797590001105
                                                }
                                            }
                                        }
                                    }
                                },
                                "workers": {
                                    "total": 1.0400094999947598,
                                    "count": 58678,
                                    "self": 0.0,
                                    "children": {
                                        "worker_root": {
                                            "total": 1149.1923791999977,
                                            "count": 58678,
                                            "is_parallel": true,
                                            "self": 423.9496137000001,
                                            "children": {
                                                "steps_from_proto": {
                                                    "total": 0.0009253999999998541,
                                                    "count": 1,