{
    "name": "root",
    "gauges": {
        "SmartBehaviour.Policy.Entropy.mean": {
            "value": 0.05845932289958,
            "min": 0.05845932289958,
            "max": 0.6917729377746582,
            "count": 30
        },
        "SmartBehaviour.Policy.Entropy.sum": {
            "value": 1167.549560546875,
            "min": 1167.549560546875,
            "max": 13843.759765625,
            "count": 30
        },
        "SmartBehaviour.Environment.EpisodeLength.mean": {
            "value": 457.2,
            "min": 70.2155477031802,
            "max": 457.2,
            "count": 30
        },
        "SmartBehaviour.Environment.EpisodeLength.sum": {
            "value": 20574.0,
            "min": 19389.0,
            "max": 20574.0,
            "count": 30
        },
        "SmartBehaviour.Policy.ExtrinsicValueEstimate.mean": {
            "value": -257.683349609375,
            "min": -640.8478393554688,
            "max": -3.743495225906372,
            "count": 30
        },
        "SmartBehaviour.Policy.ExtrinsicValueEstimate.sum": {
            "value": -84262.453125,
            "min": -272360.34375,
            "max": -1658.368408203125,
            "count": 30
        },
        "SmartBehaviour.Environment.CumulativeReward.mean": {
            "value": -838.949993948266,
            "min": -999.9150165410732,
            "max": -838.949993948266,
            "count": 30
        },
        "SmartBehaviour.Environment.CumulativeReward.sum": {
            "value": -37752.749727671966,
            "min": -282975.9496811237,
            "max": -37752.749727671966,
            "count": 30
        },
        "SmartBehaviour.Policy.ExtrinsicReward.mean": {
            "value": -838.949993948266,
            "min": -999.9150165410732,
            "max": -838.949993948266,
            "count": 30
        },
        "SmartBehaviour.Policy.ExtrinsicReward.sum": {
            "value": -37752.749727671966,
            "min": -282975.9496811237,
            "max": -37752.749727671966,
            "count": 30
        },
        "SmartBehaviour.Losses.PolicyLoss.mean": {
            "value": 0.027880026896794634,
            "min": 0.02087361217321207,
            "max": 0.03140303078107536,
            "count": 30
        },
        "SmartBehaviour.Losses.PolicyLoss.sum": {
            "value": 0.05576005379358927,
            "min": 0.02153973891399801,
            "max": 0.06280606156215073,
            "count": 30
        },
        "SmartBehaviour.Losses.ValueLoss.mean": {
            "value": 3378.8896362304686,
            "min": 1019.7618682861329,
            "max": 102624.19453125,
            "count": 30
        },
        "SmartBehaviour.Losses.ValueLoss.sum": {
            "value": 6757.779272460937,
            "min": 2039.5237365722658,
            "max": 203057.40000000002,
            "count": 30
        },
        "SmartBehaviour.Policy.LearningRate.mean": {
            "value": 0.00026455828181391,
            "min": 0.00026455828181391,
            "max": 0.0002993854802048401,
            "count": 30
        },
        "SmartBehaviour.Policy.LearningRate.sum": {
            "value": 0.00052911656362782,
            "min": 0.0002778084073972,
            "max": 0.0005969199010267002,
            "count": 30
        },
        "SmartBehaviour.Policy.Epsilon.mean": {
            "value": 0.18818608999999997,
            "min": 0.18818608999999997,
            "max": 0.19979515999999997,
            "count": 30
        },
        "SmartBehaviour.Policy.Epsilon.sum": {
            "value": 0.37637217999999995,
            "min": 0.1926028000000001,
            "max": 0.3989733,
            "count": 30
        },
        "SmartBehaviour.Policy.Beta.mean": {
            "value": 0.004410485891,
            "min": 0.004410485891,
            "max": 0.004989778484000002,
            "count": 30
        },
        "SmartBehaviour.Policy.Beta.sum": {
            "value": 0.008820971782,
            "min": 0.00463087972,
            "max": 0.009948767669999999,
            "count": 30
        },
        "SmartBehaviour.IsTraining.mean": {
            "value": 1.0,
            "min": 1.0,
            "max": 1.0,
            "count": 30
        },
        "SmartBehaviour.IsTraining.sum": {
            "value": 1.0,
            "min": 1.0,
            "max": 1.0,
            "count": 30
        }
    },
    "metadata": {
        "timer_format_version": "0.1.0",
        "start_time_seconds": "1617137374",
        "python_version": "3.7.9 (tags/v3.7.9:13c94747c7, Aug 17 2020, 18:58:18) [MSC v.1900 64 bit (AMD64)]",
        "command_line_arguments": "C:\\Users\\home-user\\Desktop\\CS4442-Project\\Flappy_Bird\\venv\\Scripts\\mlagents-learn Config\\TEST17.yaml --run-id=TEST17",
        "mlagents_version": "0.25.0",
        "mlagents_envs_version": "0.25.0",
        "communication_protocol_version": "1.5.0",
        "pytorch_version": "1.7.1+cu110",
        "numpy_version": "1.20.1",
        "end_time_seconds": "1617138957"
    },
    "total": 1582.9245199,
    "count": 1,
    "self": 0.009025099999917074,
    "children": {
        "run_training.setup": {
            "total": 0.17706250000000012,
            "count": 1,
            "self": 0.17706250000000012
        },
        "TrainerController.start_learning": {
            "total": 1582.7384323,
            "count": 1,
            "self": 4.478518700015911,
            "children": {
                "TrainerController._reset_env": {
                    "total": 10.6498054,
                    "count": 1,
                    "self": 10.6498054
                },
                "TrainerController.advance": {
                    "total": 1567.4792444999841,
                    "count": 151867,
                    "self": 2.6143868000069688,
                    "children": {
                        "env_step": {
                            "total": 1564.8648576999772,
                            "count": 151867,
                            "self": 1033.6701171999907,
                            "children": {
                                "SubprocessEnvManager._take_step": {
                                    "total": 528.7702361999798,
                                    "count": 151867,
                                    "self": 10.523766199980628,
                                    "children": {
                                        "TorchPolicy.evaluate": {
                                            "total": 518.2464699999991,
                                            "count": 151867,
                                            "self": 113.88270580000864,
                                            "children": {
                                                "TorchPolicy.sample_actions": {
                                                    "total": 404.3637641999905,
                                                    "count": 151867,
                                                    "self": 404.3637641999905
                                                }
                                            }
                                        }
                                    }
                                },
                                "workers": {
                                    "total": 2.4245043000066246,
                                    "count": 151866,
                                    "self": 0.0,
                                    "children": {
                                        "worker_root": {
                                            "total": 1567.3329100999686,
                                            "count": 151866,
                                            "is_parallel": true,
                                            "self": 828.0953920999443,