{
    "name": "root",
    "gauges": {
        "SmartBehaviour.Policy.Entropy.mean": {
            "value": 0.11527460068464279,
            "min": 0.11386124789714813,
            "max": 0.17202645540237427,
            "count": 81
        },
        "SmartBehaviour.Policy.Entropy.sum": {
            "value": 1151.59326171875,
            "min": 443.020263671875,
            "max": 1749.654296875,
            "count": 81
        },
        "SmartBehaviour.Environment.EpisodeLength.mean": {
            "value": 99.82828282828282,
            "min": 92.59433962264151,
            "max": 106.98913043478261,
            "count": 81
        },
        "SmartBehaviour.Environment.EpisodeLength.sum": {
            "value": 9883.0,
            "min": 2431.0,
            "max": 10454.0,
            "count": 81
        },
        "SmartBehaviour.Policy.ExtrinsicValueEstimate.mean": {
            "value": 400.94964599609375,
            "min": 232.49913024902344,
            "max": 433.019287109375,
            "count": 81
        },
        "SmartBehaviour.Policy.ExtrinsicValueEstimate.sum": {
            "value": 39694.015625,
            "min": 6290.9755859375,
            "max": 43734.94921875,
            "count": 81
        },
        "SmartBehaviour.Environment.CumulativeReward.mean": {
            "value": 1077.0877087525648,
            "min": 755.1020585545954,
            "max": 1503.1567150613537,
            "count": 81
        },
        "SmartBehaviour.Environment.CumulativeReward.sum": {
            "value": 106631.6831665039,
            "min": 20214.729370117188,
            "max": 138290.41778564453,
            "count": 81
        },
        "SmartBehaviour.Policy.ExtrinsicReward.mean": {
            "value": 1077.0877087525648,
            "min": 755.1020585545954,
            "max": 1503.1567150613537,
            "count": 81
        },
        "SmartBehaviour.Policy.ExtrinsicReward.sum": {
            "value": 106631.6831665039,
            "min": 20214.729370117188,
            "max": 138290.41778564453,
            "count": 81
        },
        "SmartBehaviour.IsTraining.mean": {
            "value": 1.0,
            "min": 1.0,
            "max": 1.0,
            "count": 81
        },
        "SmartBehaviour.IsTraining.sum": {
            "value": 1.0,
            "min": 1.0,
            "max": 1.0,
            "count": 81
        },
        "SmartBehaviour.Losses.PolicyLoss.mean": {
            "value": 0.01824971827833603,
            "min": 0.015188234912542006,
            "max": 0.030294119333848357,
            "count": 77
        },
        "SmartBehaviour.Losses.PolicyLoss.sum": {
            "value": 0.01824971827833603,
            "min": 0.015188234912542006,
            "max": 0.030294119333848357,
            "count": 77
        },
        "SmartBehaviour.Losses.ValueLoss.mean": {
            "value": 56169.204296875,
            "min": 30283.864713541665,
            "max": 79362.49609375,
            "count": 77
        },
        "SmartBehaviour.Losses.ValueLoss.sum": {
            "value": 56169.204296875,
            "min": 30283.864713541665,
            "max": 79362.49609375,
            "count": 77
        },
        "SmartBehaviour.Policy.LearningRate.mean": {
            "value": 6.0797799202240005e-05,
            "min": 6.0797799202240005e-05,
            "max": 7.644192355809997e-05,
            "count": 77
        },
        "SmartBehaviour.Policy.LearningRate.sum": {
            "value": 6.0797799202240005e-05,
            "min": 6.0797799202240005e-05,
            "max": 7.644192355809997e-05,
            "count": 77
        },
        "SmartBehaviour.Policy.Epsilon.mean": {
            "value": 0.16079776000000007,
            "min": 0.16079776000000007,
            "max": 0.17644190000000007,
            "count": 77
        },
        "SmartBehaviour.Policy.Epsilon.sum": {
            "value": 0.16079776000000007,
            "min": 0.16079776000000007,
            "max": 0.17644190000000007,
            "count": 77
        },
        "SmartBehaviour.Policy.Beta.mean": {
            "value": 0.003043808223999999,
            "min": 0.003043808223999999,
            "max": 0.0038244508100000007,
            "count": 77
        },
        "SmartBehaviour.Policy.Beta.sum": {
            "value": 0.003043808223999999,
            "min": 0.003043808223999999,
            "max": 0.0038244508100000007,
            "count": 77
        }
    },
    "metadata": {
        "timer_format_version": "0.1.0",
        "start_time_seconds": "1617003218",
        "python_version": "3.7.9 (tags/v3.7.9:13c94747c7, Aug 17 2020, 18:58:18) [MSC v.1900 64 bit (AMD64)]",
        "command_line_arguments": "C:\\Users\\home-user\\Desktop\\CS4442-Project\\Flappy_Bird\\venv\\Scripts\\mlagents-learn Config\\TEST7.yaml --run-id=TEST7(r1=1bonus,r2=100bous,p1=1000,p2=2000) --resume",
        "mlagents_version": "0.25.0",
        "mlagents_envs_version": "0.25.0",
        "communication_protocol_version": "1.5.0",
        "pytorch_version": "1.7.1+cu110",
        "numpy_version": "1.20.1",
        "end_time_seconds": "1617005447"
    },
    "total": 2228.9298898,
    "count": 1,
    "self": 0.010478400000010879,
    "children": {
        "run_training.setup": {
            "total": 0.18593579999999998,
            "count": 1,
            "self": 0.18593579999999998
        },
        "TrainerController.start_learning": {
            "total": 2228.7334756,
            "count": 1,
            "self": 2.943519899978128,
            "children": {
                "TrainerController._reset_env": {
                    "total": 20.9243346,
                    "count": 1,
                    "self": 20.9243346
                },
                "TrainerController.advance": {
                    "total": 2204.666459900022,
                    "count": 86844,
                    "self": 1.6547017000425512,
                    "children": {
                        "env_step": {
                            "total": 2203.0117581999793,
                            "count": 86844,
                            "self": 1725.0542376999927,
                            "children": {
                                "SubprocessEnvManager._take_step": {
                                    "total": 476.3716950000014,
                                    "count": 86844,
                                    "self": 6.449616799987666,
                                    "children": {
                                        "TorchPolicy.evaluate": {
                                            "total": 469.92207820001374,
                                            "count": 80727,
                                            "self": 93.5774591999749,
                                            "children": {
                                                "TorchPolicy.sample_actions": {
                                                    "total": 376.34461900003885,
                                                    "count": 80727,
                                                    "self": 376.34461900003885
                                                }
                                            }
                                        }
                                    }
                                },
                                "workers": {
                                    "total": 1.5858254999853436,
                                    "count": 86843,
                                    "self": 0.0,
                                    "children": {
                                        "worker_root": {
                                            "total": 2204.597523400009,
                                            "count": 86843,
                                            "is_parallel": true,
                                            "self": 734.2562867999934,