{
    "name": "root",
    "gauges": {
        "SmartBehaviour.Policy.Entropy.mean": {
            "value": 0.12932825088500977,
            "min": 0.0970294252038002,
            "max": 0.665939450263977,
            "count": 99
        },
        "SmartBehaviour.Policy.Entropy.sum": {
            "value": 659.0567626953125,
            "min": 433.38824462890625,
            "max": 3300.39599609375,
            "count": 99
        },
        "SmartBehaviour.Losses.PolicyLoss.mean": {
            "value": -1.11341742340191,
            "min": -1.11341742340191,
            "max": 0.2776428197601539,
            "count": 99
        },
        "SmartBehaviour.Losses.PolicyLoss.sum": {
            "value": -562.2757988179646,
            "min": -562.2757988179646,
            "max": 137.9884814207965,
            "count": 99
        },
        "SmartBehaviour.Losses.ValueLoss.mean": {
            "value": 0.00028889501385361645,
            "min": 0.00013528727781781565,
            "max": 0.0026919419508258445,
            "count": 99
        },
        "SmartBehaviour.Losses.ValueLoss.sum": {
            "value": 0.1458919819960763,
            "min": 0.06466731879691588,
            "max": 0.9169603986207362,
            "count": 99
        },
        "SmartBehaviour.Losses.Q1Loss.mean": {
            "value": 0.004712792416225731,
            "min": 0.0013668807664949363,
            "max": 0.05636031256599845,
            "count": 99
        },
        "SmartBehaviour.Losses.Q1Loss.sum": {
            "value": 2.3799601701939945,
            "min": 0.6698153895600523,
            "max": 16.644800224813757,
            "count": 99
        },
        "SmartBehaviour.Losses.Q2Loss.mean": {
            "value": 0.004641454845558009,
            "min": 0.00134185704439879,
            "max": 0.05959627642704903,
            "count": 99
        },
        "SmartBehaviour.Losses.Q2Loss.sum": {
            "value": 2.3439346970067945,
            "min": 0.673951160787709,
            "max": 18.685169568948893,
            "count": 99
        },
        "SmartBehaviour.Policy.DiscreteEntropyCoeff.mean": {
            "value": 0.048871772023402434,
            "min": 0.03621529710832804,
            "max": 0.09947629530195116,
            "count": 99
        },
        "SmartBehaviour.Policy.DiscreteEntropyCoeff.sum": {
            "value": 24.68024487181823,
            "min": 14.767269272785374,
            "max": 48.49578947052621,
            "count": 99
        },
        "SmartBehaviour.Policy.ContinuousEntropyCoeff.mean": {
            "value": 0.09999999403953552,
            "min": 0.09999999403953552,
            "max": 0.09999999403953552,
            "count": 99
        },
        "SmartBehaviour.Policy.ContinuousEntropyCoeff.sum": {
            "value": 50.49999698996544,
            "min": 23.19999861717224,
            "max": 62.69999626278877,
            "count": 99
        },
        "SmartBehaviour.Policy.LearningRate.mean": {
            "value": 5.000000000000001e-05,
            "min": 5e-05,
            "max": 5.000000000000002e-05,
            "count": 99
        },
        "SmartBehaviour.Policy.LearningRate.sum": {
            "value": 0.025250000000000005,
            "min": 0.011600000000000003,
            "max": 0.03135,
            "count": 99
        },
        "SmartBehaviour.Environment.EpisodeLength.mean": {
            "value": 5987.666666666667,
            "min": 10.995192307692308,
            "max": 7062.5,
            "count": 91
        },
        "SmartBehaviour.Environment.EpisodeLength.sum": {
            "value": 17963.0,
            "min": 335.0,
            "max": 20379.0,
            "count": 91
        },
        "SmartBehaviour.Policy.ExtrinsicValue.mean": {
            "value": 1.2019182443618774,
            "min": -0.25443875789642334,
            "max": 1.3806321620941162,
            "count": 99
        },
        "SmartBehaviour.Policy.ExtrinsicValue.sum": {
            "value": 94.9515380859375,
            "min": -73.0973129272461,
            "max": 116.01664733886719,
            "count": 99
        },
        "SmartBehaviour.Environment.CumulativeReward.mean": {
            "value": 178.6627404950559,
            "min": -0.9969478453460493,
            "max": 178.6627404950559,
            "count": 93
        },
        "SmartBehaviour.Environment.CumulativeReward.sum": {
            "value": 357.3254809901118,
            "min": -416.7241993546486,
            "max": 412.40828071162105,
            "count": 93
        },
        "SmartBehaviour.Policy.ExtrinsicReward.mean": {
            "value": 178.6627404950559,
            "min": -0.9969478453460493,
            "max": 178.6627404950559,
            "count": 93
        },
        "SmartBehaviour.Policy.ExtrinsicReward.sum": {
            "value": 357.3254809901118,
            "min": -416.7241993546486,
            "max": 412.40828071162105,
            "count": 93
        },
        "SmartBehaviour.IsTraining.mean": {
            "value": 1.0,
            "min": 1.0,
            "max": 1.0,
            "count": 99
        },
        "SmartBehaviour.IsTraining.sum": {
            "value": 1.0,
            "min": 1.0,
            "max": 1.0,
            "count": 99
        }
    },
    "metadata": {
        "timer_format_version": "0.1.0",
        "start_time_seconds": "1617977251",
        "python_version": "3.7.9 (tags/v3.7.9:13c94747c7, Aug 17 2020, 18:58:18) [MSC v.1900 64 bit (AMD64)]",
        "command_line_arguments": "C:\\Users\\home-user\\Desktop\\CS4442-Project\\Flappy_Bird\\venv\\Scripts\\mlagents-learn Config\\TEST44-sac.yaml --run-id=TEST44 --resume",
        "mlagents_version": "0.25.0",
        "mlagents_envs_version": "0.25.0",
        "communication_protocol_version": "1.5.0",
        "pytorch_version": "1.7.1+cu110",
        "numpy_version": "1.20.1",
        "end_time_seconds": "1617980919"
    },
    "total": 3668.3916830999997,
    "count": 1,
    "self": 0.03256719999944835,
    "children": {
        "run_training.setup": {
            "total": 0.1904266000000001,
            "count": 1,
            "self": 0.1904266000000001
        },
        "TrainerController.start_learning": {
            "total": 3668.1686893,
            "count": 1,
            "self": 5.54830059993219,
            "children": {
                "TrainerController._reset_env": {
                    "total": 9.380779100000002,
                    "count": 1,
                    "self": 9.380779100000002
                },
                "TrainerController.advance": {
                    "total": 3651.4090960000676,
                    "count": 126155,
                    "self": 2.4786716000139677,
                    "children": {
                        "env_step": {
                            "total": 3648.9304244000537,
                            "count": 126155,
                            "self": 3273.485886800114,
                            "children": {
                                "SubprocessEnvManager._take_step": {
                                    "total": 373.1242894999645,
                                    "count": 126155,
                                    "self": 9.245646899934627,
                                    "children": {
                                        "TorchPolicy.evaluate": {
                                            "total": 363.8786426000299,
                                            "count": 123446,
                                            "self": 92.76422000006522,
                                            "children": {
                                                "TorchPolicy.sample_actions": {
                                                    "total": 271.11442259996466,
                                                    "count": 123446,