{
    "name": "root",
    "gauges": {
        "SmartBehaviour.Policy.Entropy.mean": {
            "value": 0.24183082580566406,
            "min": 0.2296774834394455,
            "max": 0.2557206451892853,
            "count": 13
        },
        "SmartBehaviour.Policy.Entropy.sum": {
            "value": 2413.4716796875,
            "min": 2276.154541015625,
            "max": 2596.66552734375,
            "count": 13
        },
        "SmartBehaviour.Policy.ExtrinsicValueEstimate.mean": {
            "value": 943.9813232421875,
            "min": 943.9813232421875,
            "max": 1171.433837890625,
            "count": 13
        },
        "SmartBehaviour.Policy.ExtrinsicValueEstimate.sum": {
            "value": 135933.3125,
            "min": 131200.59375,
            "max": 163999.703125,
            "count": 13
        },
        "SmartBehaviour.Environment.EpisodeLength.mean": {
            "value": 129.28571428571428,
            "min": 126.1875,
            "max": 131.50819672131146,
            "count": 13
        },
        "SmartBehaviour.Environment.EpisodeLength.sum": {
            "value": 9955.0,
            "min": 8022.0,
            "max": 10234.0,
            "count": 13
        },
        "SmartBehaviour.Environment.CumulativeReward.mean": {
            "value": 5465.131578947368,
            "min": 5317.088607594937,
            "max": 5575.4098360655735,
            "count": 13
        },
        "SmartBehaviour.Environment.CumulativeReward.sum": {
            "value": 415350.0,
            "min": 340100.0,
            "max": 442850.0,
            "count": 13
        },
        "SmartBehaviour.Policy.ExtrinsicReward.mean": {
            "value": 5465.131578947368,
            "min": 5317.088607594937,
            "max": 5575.4098360655735,
            "count": 13
        },
        "SmartBehaviour.Policy.ExtrinsicReward.sum": {
            "value": 415350.0,
            "min": 340100.0,
            "max": 442850.0,
            "count": 13
        },
        "SmartBehaviour.IsTraining.mean": {
            "value": 1.0,
            "min": 1.0,
            "max": 1.0,
            "count": 13
        },
        "SmartBehaviour.IsTraining.sum": {
            "value": 1.0,
            "min": 1.0,
            "max": 1.0,
            "count": 13
        },
        "SmartBehaviour.Losses.PolicyLoss.mean": {
            "value": 0.015932086866814642,
            "min": 0.012027698972572883,
            "max": 0.019453184279457976,
            "count": 6
        },
        "SmartBehaviour.Losses.PolicyLoss.sum": {
            "value": 0.015932086866814642,
            "min": 0.012027698972572883,
            "max": 0.019453184279457976,
            "count": 6
        },
        "SmartBehaviour.Losses.ValueLoss.mean": {
            "value": 65602.31106770833,
            "min": 64724.4234375,
            "max": 99183.87734375,
            "count": 6
        },
        "SmartBehaviour.Losses.ValueLoss.sum": {
            "value": 65602.31106770833,
            "min": 64724.4234375,
            "max": 99183.87734375,
            "count": 6
        },
        "SmartBehaviour.Policy.LearningRate.mean": {
            "value": 0.0002654103715298801,
            "min": 0.0002654103715298801,
            "max": 0.00027165456944848,
            "count": 6
        },
        "SmartBehaviour.Policy.LearningRate.sum": {
            "value": 0.0002654103715298801,
            "min": 0.0002654103715298801,
            "max": 0.00027165456944848,
            "count": 6
        },
        "SmartBehaviour.Policy.Epsilon.mean": {
            "value": 0.18847011999999996,
            "min": 0.18847011999999996,
            "max": 0.19055151999999995,
            "count": 6
        },
        "SmartBehaviour.Policy.Epsilon.sum": {
            "value": 0.18847011999999996,
            "min": 0.18847011999999996,
            "max": 0.19055151999999995,
            "count": 6
        },
        "SmartBehaviour.Policy.Beta.mean": {
            "value": 0.004424658988000001,
            "min": 0.004424658988000001,
            "max": 0.004528520848,
            "count": 6
        },
        "SmartBehaviour.Policy.Beta.sum": {
            "value": 0.004424658988000001,
            "min": 0.004424658988000001,
            "max": 0.004528520848,
            "count": 6
        }
    },
    "metadata": {
        "timer_format_version": "0.1.0",
        "start_time_seconds": "1616851566",
        "python_version": "3.7.9 (tags/v3.7.9:13c94747c7, Aug 17 2020, 18:58:18) [MSC v.1900 64 bit (AMD64)]",
        "command_line_arguments": "C:\\Users\\home-user\\Desktop\\CS4442-Project\\Flappy_Bird\\venv\\Scripts\\mlagents-learn ./Config/config3.yaml --run-id=TEST2(r1=10,r2=100,p1=1000) --resume",
        "mlagents_version": "0.25.0",
        "mlagents_envs_version": "0.25.0",
        "communication_protocol_version": "1.5.0",
        "pytorch_version": "1.7.1+cu110",
        "numpy_version": "1.20.1",
        "end_time_seconds": "1616851878"
    },
    "total": 311.4989142,
    "count": 1,
    "self": 0.014462000000037278,
    "children": {
        "run_training.setup": {
            "total": 0.18761040000000007,
            "count": 1,
            "self": 0.18761040000000007
        },
        "TrainerController.start_learning": {
            "total": 311.2968418,
            "count": 1,
            "self": 0.4624219999989805,
            "children": {
                "TrainerController._reset_env": {
                    "total": 11.9461962,
                    "count": 1,
                    "self": 11.9461962
                },
                "TrainerController.advance": {
                    "total": 298.73716130000105,
                    "count": 13520,
                    "self": 0.26287980000290645,
                    "children": {
                        "env_step": {
                            "total": 298.47428149999814,
                            "count": 13520,
                            "self": 239.6553748999989,
                            "children": {
                                "SubprocessEnvManager._take_step": {
                                    "total": 58.56901050000129,
                                    "count": 13520,
                                    "self": 1.055501900001552,
                                    "children": {
                                        "TorchPolicy.evaluate": {
                                            "total": 57.51350859999974,
                                            "count": 13097,
                                            "self": 10.45988729999985,
                                            "children": {
                                                "TorchPolicy.sample_actions": {
                                                    "total": 47.05362129999989,
                                                    "count": 13097,
                                                    "self": 47.05362129999989
                                                }
                                            }
                                        }
                                    }
                                },
                                "workers": {
                                    "total": 0.24989609999794382,
                                    "count": 13519,
                                    "self": 0.0,
                                    "children": {
                                        "worker_root": {
                                            "total": 298.73379730000056,
                                            "count": 13519,
                                            "is_parallel": true,
                                            "self": 112.83960070000043,