{
    "name": "root",
    "gauges": {
        "SmartBehaviour.Policy.Entropy.mean": {
            "value": 0.4493468999862671,
            "min": 0.4493468999862671,
            "max": 0.6929552555084229,
            "count": 14
        },
        "SmartBehaviour.Policy.Entropy.sum": {
            "value": 4439.54736328125,
            "min": 4439.54736328125,
            "max": 6998.60546875,
            "count": 14
        },
        "SmartBehaviour.Environment.EpisodeLength.mean": {
            "value": 41.64377682403433,
            "min": 16.36111111111111,
            "max": 41.64377682403433,
            "count": 14
        },
        "SmartBehaviour.Environment.EpisodeLength.sum": {
            "value": 9703.0,
            "min": 9424.0,
            "max": 9762.0,
            "count": 14
        },
        "SmartBehaviour.Policy.ExtrinsicValueEstimate.mean": {
            "value": -146.1842803955078,
            "min": -146.1842803955078,
            "max": 0.3079893887042999,
            "count": 14
        },
        "SmartBehaviour.Policy.ExtrinsicValueEstimate.sum": {
            "value": -34207.12109375,
            "min": -37323.98046875,
            "max": 177.09390258789062,
            "count": 14
        },
        "SmartBehaviour.Environment.CumulativeReward.mean": {
            "value": -792.008547008547,
            "min": -918.2260869565217,
            "max": -792.008547008547,
            "count": 14
        },
        "SmartBehaviour.Environment.CumulativeReward.sum": {
            "value": -185330.0,
            "min": -527980.0,
            "max": -185330.0,
            "count": 14
        },
        "SmartBehaviour.Policy.ExtrinsicReward.mean": {
            "value": -792.008547008547,
            "min": -918.2260869565217,
            "max": -792.008547008547,
            "count": 14
        },
        "SmartBehaviour.Policy.ExtrinsicReward.sum": {
            "value": -185330.0,
            "min": -527980.0,
            "max": -185330.0,
            "count": 14
        },
        "SmartBehaviour.IsTraining.mean": {
            "value": 1.0,
            "min": 1.0,
            "max": 1.0,
            "count": 14
        },
        "SmartBehaviour.IsTraining.sum": {
            "value": 1.0,
            "min": 1.0,
            "max": 1.0,
            "count": 14
        },
        "SmartBehaviour.Losses.PolicyLoss.mean": {
            "value": 0.021501923585310577,
            "min": 0.017272424519372484,
            "max": 0.021501923585310577,
            "count": 6
        },
        "SmartBehaviour.Losses.PolicyLoss.sum": {
            "value": 0.021501923585310577,
            "min": 0.017272424519372484,
            "max": 0.021501923585310577,
            "count": 6
        },
        "SmartBehaviour.Losses.ValueLoss.mean": {
            "value": 180457.74270833333,
            "min": 180457.74270833333,
            "max": 391582.684375,
            "count": 6
        },
        "SmartBehaviour.Losses.ValueLoss.sum": {
            "value": 180457.74270833333,
            "min": 180457.74270833333,
            "max": 391582.684375,
            "count": 6
        },
        "SmartBehaviour.Policy.LearningRate.mean": {
            "value": 0.00029262120245959994,
            "min": 0.00029262120245959994,
            "max": 0.00029876910041030003,
            "count": 6
        },
        "SmartBehaviour.Policy.LearningRate.sum": {
            "value": 0.00029262120245959994,
            "min": 0.00029262120245959994,
            "max": 0.00029876910041030003,
            "count": 6
        },
        "SmartBehaviour.Policy.Epsilon.mean": {
            "value": 0.19754040000000003,
            "min": 0.19754040000000003,
            "max": 0.19958969999999995,
            "count": 6
        },
        "SmartBehaviour.Policy.Epsilon.sum": {
            "value": 0.19754040000000003,
            "min": 0.19754040000000003,
            "max": 0.19958969999999995,
            "count": 6
        },
        "SmartBehaviour.Policy.Beta.mean": {
            "value": 0.004877265959999998,
            "min": 0.004877265959999998,
            "max": 0.004979526030000001,
            "count": 6
        },
        "SmartBehaviour.Policy.Beta.sum": {
            "value": 0.004877265959999998,
            "min": 0.004877265959999998,
            "max": 0.004979526030000001,
            "count": 6
        }
    },
    "metadata": {
        "timer_format_version": "0.1.0",
        "start_time_seconds": "1616847478",
        "python_version": "3.7.9 (tags/v3.7.9:13c94747c7, Aug 17 2020, 18:58:18) [MSC v.1900 64 bit (AMD64)]",
        "command_line_arguments": "C:\\Users\\home-user\\Desktop\\CS4442-Project\\Flappy_Bird\\venv\\Scripts\\mlagents-learn config3.yaml --run-id=TESTyaml --force",
        "mlagents_version": "0.25.0",
        "mlagents_envs_version": "0.25.0",
        "communication_protocol_version": "1.5.0",
        "pytorch_version": "1.7.1+cu110",
        "numpy_version": "1.20.1",
        "end_time_seconds": "1616847881"
    },
    "total": 402.3906824,
    "count": 1,
    "self": 0.011484499999994568,
    "children": {
        "run_training.setup": {
            "total": 0.17932750000000008,
            "count": 1,
            "self": 0.17932750000000008
        },
        "TrainerController.start_learning": {
            "total": 402.1998704,
            "count": 1,
            "self": 1.685192400001597,
            "children": {
                "TrainerController._reset_env": {
                    "total": 21.006656500000002,
                    "count": 1,
                    "self": 21.006656500000002
                },
                "TrainerController.advance": {
                    "total": 376.7264751999984,
                    "count": 19379,
                    "self": 0.3667320000006953,
                    "children": {
                        "env_step": {
                            "total": 376.3597431999977,
                            "count": 19379,
                            "self": 326.2771364999973,
                            "children": {
                                "SubprocessEnvManager._take_step": {
                                    "total": 49.73277659999924,
                                    "count": 19379,
                                    "self": 1.2195962000039202,
                                    "children": {
                                        "TorchPolicy.evaluate": {
                                            "total": 48.51318039999532,
                                            "count": 14367,
                                            "self": 9.703357799994087,
                                            "children": {
                                                "TorchPolicy.sample_actions": {
                                                    "total": 38.80982260000123,
                                                    "count": 14367,
                                                    "self": 38.80982260000123
                                                }
                                            }
                                        }
                                    }
                                },
                                "workers": {
                                    "total": 0.34983010000113524,
                                    "count": 19378,
                                    "self": 0.0,
                                    "children": {
                                        "worker_root": {
                                            "total": 376.0079202000036,
                                            "count": 19378,
                                            "is_parallel": true,
                                            "self": 129.59542130000457,