{
    "name": "root",
    "gauges": {
        "SmartBehaviour.Policy.Entropy.mean": {
            "value": 0.12820978462696075,
            "min": 0.11876597255468369,
            "max": 0.14458374679088593,
            "count": 100
        },
        "SmartBehaviour.Policy.Entropy.sum": {
            "value": 635.9205322265625,
            "min": 593.3547973632812,
            "max": 731.59375,
            "count": 100
        },
        "SmartBehaviour.Policy.ExtrinsicValue.mean": {
            "value": 3.1513986587524414,
            "min": 3.081062078475952,
            "max": 3.1787688732147217,
            "count": 100
        },
        "SmartBehaviour.Policy.ExtrinsicValue.sum": {
            "value": 494.76959228515625,
            "min": 484.69024658203125,
            "max": 502.0130615234375,
            "count": 100
        },
        "SmartBehaviour.Environment.EpisodeLength.mean": {
            "value": 4448.5,
            "min": 258.5,
            "max": 6595.0,
            "count": 91
        },
        "SmartBehaviour.Environment.EpisodeLength.sum": {
            "value": 8897.0,
            "min": 517.0,
            "max": 16655.0,
            "count": 91
        },
        "SmartBehaviour.Environment.CumulativeReward.mean": {
            "value": 169.26701956056058,
            "min": 7.1975000612437725,
            "max": 245.20403051376343,
            "count": 91
        },
        "SmartBehaviour.Environment.CumulativeReward.sum": {
            "value": 338.53403912112117,
            "min": 14.395000122487545,
            "max": 617.854046665132,
            "count": 91
        },
        "SmartBehaviour.Policy.ExtrinsicReward.mean": {
            "value": 169.26701956056058,
            "min": 7.1975000612437725,
            "max": 245.20403051376343,
            "count": 91
        },
        "SmartBehaviour.Policy.ExtrinsicReward.sum": {
            "value": 338.53403912112117,
            "min": 14.395000122487545,
            "max": 617.854046665132,
            "count": 91
        },
        "SmartBehaviour.IsTraining.mean": {
            "value": 0.0,
            "min": 0.0,
            "max": 0.0,
            "count": 100
        },
        "SmartBehaviour.IsTraining.sum": {
            "value": 0.0,
            "min": 0.0,
            "max": 0.0,
            "count": 100
        }
    },
    "metadata": {
        "timer_format_version": "0.1.0",
        "start_time_seconds": "1617956822",
        "python_version": "3.7.9 (tags/v3.7.9:13c94747c7, Aug 17 2020, 18:58:18) [MSC v.1900 64 bit (AMD64)]",
        "command_line_arguments": "C:\\Users\\home-user\\Desktop\\CS4442-Project\\Flappy_Bird\\venv\\Scripts\\mlagents-learn Config\\TEST38-sac.yaml --run-id=TEST38infer --initialize-from=TEST38 --inference --force",
        "mlagents_version": "0.25.0",
        "mlagents_envs_version": "0.25.0",
        "communication_protocol_version": "1.5.0",
        "pytorch_version": "1.7.1+cu110",
        "numpy_version": "1.20.1",
        "end_time_seconds": "1617959693"
    },
    "total": 2870.942768,
    "count": 1,
    "self": 0.011938699999973323,
    "children": {
        "run_training.setup": {
            "total": 0.19985560000000002,
            "count": 1,
            "self": 0.19985560000000002
        },
        "TrainerController.start_learning": {
            "total": 2870.7309737,
            "count": 1,
            "self": 4.003623899975992,
            "children": {
                "TrainerController._reset_env": {
                    "total": 15.8746762,
                    "count": 1,
                    "self": 15.8746762
                },
                "TrainerController.advance": {
                    "total": 2850.852642100024,
                    "count": 125879,
                    "self": 2.236595800066425,
                    "children": {
                        "env_step": {
                            "total": 2848.6160462999574,
                            "count": 125879,
                            "self": 2601.4212713999577,
                            "children": {
                                "SubprocessEnvManager._take_step": {
                                    "total": 245.09321469999435,
                                    "count": 125879,
                                    "self": 9.15360750002219,
                                    "children": {
                                        "TorchPolicy.evaluate": {
                                            "total": 235.93960719997216,
                                            "count": 125684,
                                            "self": 58.84050859996438,
                                            "children": {
                                                "TorchPolicy.sample_actions": {
                                                    "total": 177.09909860000778,
                                                    "count": 125684,
                                                    "self": 177.09909860000778
                                                }
                                            }
                                        }
                                    }
                                },
                                "workers": {
                                    "total": 2.101560200005231,
                                    "count": 125878,
                                    "self": 0.0,
                                    "children": {
                                        "worker_root": {
                                            "total": 2850.632427099985,
                                            "count": 125878,
                                            "is_parallel": true,
                                            "self": 435.2437692999715,
                                            "children": {
                                                "steps_from_proto": {
                                                    "total": 0.001056800000000635,
                                                    "count": 1,
                                                    "is_parallel": true,
                                                    "self": 0.0004338999999990989,
                                                    "children": {
                                                        "_process_rank_one_or_two_observation": {
                                                            "total": 0.0006229000000015361,
                                                            "count": 8,
                                                            "is_parallel": true,
                                                            "self": 0.0006229000000015361
                                                        }
                                                    }
                                                },
                                                "UnityEnvironment.step": {
                                                    "total": 2415.3876010000135,
                                                    "count": 125878,
                                                    "is_parallel": true,
                                                    "self": 21.491855399889573,
                                                    "children": {
                                                        "UnityEnvironment._generate_step_input": {
                                                            "total": 19.319633500068893,
                                                            "count": 125878,
                                                            "is_parallel": true,
                                                            "self": 19.319633500068893
                                                        },