{
    "name": "root",
    "gauges": {
        "SmartBehaviour.Policy.Entropy.mean": {
            "value": 0.03923489898443222,
            "min": 0.038852620869874954,
            "max": 0.6907143592834473,
            "count": 129
        },
        "SmartBehaviour.Policy.Entropy.sum": {
            "value": 192.72183227539062,
            "min": 191.310302734375,
            "max": 3467.38623046875,
            "count": 129
        },
        "SmartBehaviour.Environment.EpisodeLength.mean": {
            "value": 172.85714285714286,
            "min": 11.739795918367347,
            "max": 1755.0,
            "count": 129
        },
        "SmartBehaviour.Environment.EpisodeLength.sum": {
            "value": 4840.0,
            "min": 1630.0,
            "max": 9706.0,
            "count": 129
        },
        "SmartBehaviour.Policy.ExtrinsicValue.mean": {
            "value": 0.697543203830719,
            "min": -0.9029421210289001,
            "max": 0.8223996162414551,
            "count": 129
        },
        "SmartBehaviour.Policy.ExtrinsicValue.sum": {
            "value": 355.04949951171875,
            "min": -524.609375,
            "max": 415.3117980957031,
            "count": 129
        },
        "SmartBehaviour.Environment.CumulativeReward.mean": {
            "value": 1.9699286437368886,
            "min": -0.9657570334863576,
            "max": 46.653672808082774,
            "count": 129
        },
        "SmartBehaviour.Environment.CumulativeReward.sum": {
            "value": 55.15800202463288,
            "min": -377.6110000931658,
            "max": 239.03601770848036,
            "count": 129
        },
        "SmartBehaviour.Policy.ExtrinsicReward.mean": {
            "value": 1.9699286437368886,
            "min": -0.9657570334863576,
            "max": 46.653672808082774,
            "count": 129
        },
        "SmartBehaviour.Policy.ExtrinsicReward.sum": {
            "value": 55.15800202463288,
            "min": -377.6110000931658,
            "max": 239.03601770848036,
            "count": 129
        },
        "SmartBehaviour.Losses.PolicyLoss.mean": {
            "value": -0.7894300355186883,
            "min": -0.8226820953103124,
            "max": 0.8672524850743657,
            "count": 129
        },
        "SmartBehaviour.Losses.PolicyLoss.sum": {
            "value": -387.6101474396759,
            "min": -419.43531997102684,
            "max": 434.4934950222572,
            "count": 129
        },
        "SmartBehaviour.Losses.ValueLoss.mean": {
            "value": 0.00018260741078949175,
            "min": 0.00011197611245553372,
            "max": 0.006560626757325134,
            "count": 129
        },
        "SmartBehaviour.Losses.ValueLoss.sum": {
            "value": 0.08966023869764045,
            "min": 0.055540151777944725,
            "max": 3.273752751905242,
            "count": 129
        },
        "SmartBehaviour.Losses.Q1Loss.mean": {
            "value": 0.005546378902742332,
            "min": 0.0004115660445507577,
            "max": 0.13706866044432753,
            "count": 129
        },
        "SmartBehaviour.Losses.Q1Loss.sum": {
            "value": 2.723272041246485,
            "min": 0.20531015923188534,
            "max": 68.39726156171943,
            "count": 129
        },
        "SmartBehaviour.Losses.Q2Loss.mean": {
            "value": 0.005613004644530983,
            "min": 0.0007101825812981208,
            "max": 0.29079533943390184,
            "count": 129
        },
        "SmartBehaviour.Losses.Q2Loss.sum": {
            "value": 2.7559852804647127,
            "min": 0.35367092548646417,
            "max": 145.10687437751702,
            "count": 129
        },
        "SmartBehaviour.Policy.DiscreteEntropyCoeff.mean": {
            "value": 0.012164818793914695,
            "min": 0.008365135220781889,
            "max": 0.012164818793914695,
            "count": 129
        },
        "SmartBehaviour.Policy.DiscreteEntropyCoeff.sum": {
            "value": 5.9729260278121155,
            "min": 4.139450854531473,
            "max": 6.179532357142959,
            "count": 129
        },
        "SmartBehaviour.Policy.ContinuousEntropyCoeff.mean": {
            "value": 0.009999999776482582,
            "min": 0.009999999776482582,
            "max": 0.009999999776482582,
            "count": 129
        },
        "SmartBehaviour.Policy.ContinuousEntropyCoeff.sum": {
            "value": 4.909999890252948,
            "min": 4.83999989181757,
            "max": 5.1799998842179775,
            "count": 129
        },
        "SmartBehaviour.Policy.LearningRate.mean": {
            "value": 1e-05,
            "min": 1e-05,
            "max": 1.0000000000000003e-05,
            "count": 129
        },
        "SmartBehaviour.Policy.LearningRate.sum": {
            "value": 0.00491,
            "min": 0.0048400000000000006,
            "max": 0.005180000000000001,
            "count": 129
        },
        "SmartBehaviour.IsTraining.mean": {
            "value": 1.0,
            "min": 1.0,
            "max": 1.0,
            "count": 129
        },
        "SmartBehaviour.IsTraining.sum": {
            "value": 1.0,
            "min": 1.0,
            "max": 1.0,
            "count": 129
        }
    },
    "metadata": {
        "timer_format_version": "0.1.0",
        "start_time_seconds": "1617869557",
        "python_version": "3.7.9 (tags/v3.7.9:13c94747c7, Aug 17 2020, 18:58:18) [MSC v.1900 64 bit (AMD64)]",
        "command_line_arguments": "C:\\Users\\home-user\\Desktop\\CS4442-Project\\Flappy_Bird\\venv\\Scripts\\mlagents-learn Config\\TEST33-sac.yaml --run-id=TEST33",
        "mlagents_version": "0.25.0",
        "mlagents_envs_version": "0.25.0",
        "communication_protocol_version": "1.5.0",
        "pytorch_version": "1.7.1+cu110",
        "numpy_version": "1.20.1",
        "end_time_seconds": "1617872476"
    },
    "total": 2918.7749881,
    "count": 1,
    "self": 0.02943169999980455,
    "children": {
        "run_training.setup": {
            "total": 0.18310840000000006,
            "count": 1,
            "self": 0.18310840000000006
        },
        "TrainerController.start_learning": {
            "total": 2918.562448,
            "count": 1,
            "self": 5.775642200041148,
            "children": {
                "TrainerController._reset_env": {
                    "total": 37.2469236,
                    "count": 1,
                    "self": 37.2469236
                },
                "TrainerController.advance": {
                    "total": 2875.3426072999587,
                    "count": 167238,
                    "self": 3.1612339999373944,
                    "children": {
                        "env_step": {
                            "total": 2872.1813733000213,
                            "count": 167238,
                            "self": 2376.0594573001167,
                            "children": {
                                "SubprocessEnvManager._take_step": {
                                    "total": 493.0417052999719,
                                    "count": 167238,
                                    "self": 12.124366800011956,
                                    "children": {
                                        "TorchPolicy.evaluate": {
                                            "total": 480.91733849995995,
                                            "count": 161401,
                                            "self": 104.78419859992943,
                                            "children": {
                                                "TorchPolicy.sample_actions": {
                                                    "total": 376.1331399000305,
                                                    "count": 161401,