{
    "name": "root",
    "gauges": {
        "SmartBehaviour.Policy.Entropy.mean": {
            "value": 0.15124298632144928,
            "min": 0.14286097884178162,
            "max": 0.6693507432937622,
            "count": 89
        },
        "SmartBehaviour.Policy.Entropy.sum": {
            "value": 754.55126953125,
            "min": 716.162109375,
            "max": 3349.43115234375,
            "count": 89
        },
        "SmartBehaviour.Policy.ExtrinsicValue.mean": {
            "value": 0.46749430894851685,
            "min": -0.5049394965171814,
            "max": 0.4837644696235657,
            "count": 89
        },
        "SmartBehaviour.Policy.ExtrinsicValue.sum": {
            "value": 239.35708618164062,
            "min": -323.66619873046875,
            "max": 246.23611450195312,
            "count": 89
        },
        "SmartBehaviour.Environment.EpisodeLength.mean": {
            "value": 267.0,
            "min": 13.721893491124261,
            "max": 461.25,
            "count": 89
        },
        "SmartBehaviour.Environment.EpisodeLength.sum": {
            "value": 5607.0,
            "min": 3808.0,
            "max": 5861.0,
            "count": 89
        },
        "SmartBehaviour.Environment.CumulativeReward.mean": {
            "value": 4.982190671066443,
            "min": -0.9583609451322138,
            "max": 10.407001125238216,
            "count": 89
        },
        "SmartBehaviour.Environment.CumulativeReward.sum": {
            "value": 104.6260040923953,
            "min": -323.9259994546883,
            "max": 126.80900765908882,
            "count": 89
        },
        "SmartBehaviour.Policy.ExtrinsicReward.mean": {
            "value": 4.982190671066443,
            "min": -0.9583609451322138,
            "max": 10.407001125238216,
            "count": 89
        },
        "SmartBehaviour.Policy.ExtrinsicReward.sum": {
            "value": 104.6260040923953,
            "min": -323.9259994546883,
            "max": 126.80900765908882,
            "count": 89
        },
        "SmartBehaviour.Losses.PolicyLoss.mean": {
            "value": -0.5218345295290153,
            "min": -0.5218345295290153,
            "max": 0.4322119642275528,
            "count": 89
        },
        "SmartBehaviour.Losses.PolicyLoss.sum": {
            "value": -260.91726476450765,
            "min": -260.91726476450765,
            "max": 215.67377014954886,
            "count": 89
        },
        "SmartBehaviour.Losses.ValueLoss.mean": {
            "value": 0.0002892153659583224,
            "min": 0.00015021121854078955,
            "max": 0.1307272225095974,
            "count": 89
        },
        "SmartBehaviour.Losses.ValueLoss.sum": {
            "value": 0.1446076829791612,
            "min": 0.07510560927039478,
            "max": 65.1021568097795,
            "count": 89
        },
        "SmartBehaviour.Losses.Q1Loss.mean": {
            "value": 0.006835312959679868,
            "min": 0.0005868287568900136,
            "max": 0.20761005399372165,
            "count": 89
        },
        "SmartBehaviour.Losses.Q1Loss.sum": {
            "value": 3.417656479839934,
            "min": 0.2940012072018968,
            "max": 103.38980688887338,
            "count": 89
        },
        "SmartBehaviour.Losses.Q2Loss.mean": {
            "value": 0.006951236642858324,
            "min": 0.000906614775537279,
            "max": 0.6617736250326695,
            "count": 89
        },
        "SmartBehaviour.Losses.Q2Loss.sum": {
            "value": 3.4756183214291623,
            "min": 0.45421400254417676,
            "max": 329.5632652662694,
            "count": 89
        },
        "SmartBehaviour.Policy.DiscreteEntropyCoeff.mean": {
            "value": 0.03265802670891086,
            "min": 0.03265802670891086,
            "max": 0.09926705617891497,
            "count": 89
        },
        "SmartBehaviour.Policy.DiscreteEntropyCoeff.sum": {
            "value": 16.32901335445543,
            "min": 16.32901335445543,
            "max": 49.43499397709966,
            "count": 89
        },
        "SmartBehaviour.Policy.ContinuousEntropyCoeff.mean": {
            "value": 0.09999999403953552,
            "min": 0.09999999403953552,
            "max": 0.09999999403953552,
            "count": 89
        },
        "SmartBehaviour.Policy.ContinuousEntropyCoeff.sum": {
            "value": 49.99999701976776,
            "min": 49.79999703168869,
            "max": 50.0999970138073,
            "count": 89
        },
        "SmartBehaviour.Policy.LearningRate.mean": {
            "value": 3.0000000000000004e-05,
            "min": 3.0000000000000004e-05,
            "max": 3.0000000000000008e-05,
            "count": 89
        },
        "SmartBehaviour.Policy.LearningRate.sum": {
            "value": 0.015000000000000003,
            "min": 0.014940000000000004,
            "max": 0.015030000000000003,
            "count": 89
        },
        "SmartBehaviour.IsTraining.mean": {
            "value": 1.0,
            "min": 1.0,
            "max": 1.0,
            "count": 89
        },
        "SmartBehaviour.IsTraining.sum": {
            "value": 1.0,
            "min": 1.0,
            "max": 1.0,
            "count": 89
        }
    },
    "metadata": {
        "timer_format_version": "0.1.0",
        "start_time_seconds": "1617895156",
        "python_version": "3.7.9 (tags/v3.7.9:13c94747c7, Aug 17 2020, 18:58:18) [MSC v.1900 64 bit (AMD64)]",
        "command_line_arguments": "C:\\Users\\home-user\\Desktop\\CS4442-Project\\Flappy_Bird\\venv\\Scripts\\mlagents-learn Config\\TEST37-sac.yaml --run-id=TEST37",
        "mlagents_version": "0.25.0",
        "mlagents_envs_version": "0.25.0",
        "communication_protocol_version": "1.5.0",
        "pytorch_version": "1.7.1+cu110",
        "numpy_version": "1.20.1",
        "end_time_seconds": "1617898615"
    },
    "total": 3459.9263707,
    "count": 1,
    "self": 0.009481699999923876,
    "children": {
        "run_training.setup": {
            "total": 0.22184239999999988,
            "count": 1,
            "self": 0.22184239999999988
        },
        "TrainerController.start_learning": {
            "total": 3459.6950466000003,
            "count": 1,
            "self": 5.016470499975185,
            "children": {
                "TrainerController._reset_env": {
                    "total": 19.3000411,
                    "count": 1,
                    "self": 19.3000411
                },
                "TrainerController.advance": {
                    "total": 3431.0575873000257,
                    "count": 155197,
                    "self": 2.8035365000200727,
                    "children": {
                        "env_step": {
                            "total": 3428.2540508000056,
                            "count": 155197,
                            "self": 3020.0064310999455,
                            "children": {
                                "SubprocessEnvManager._take_step": {
                                    "total": 405.5372833999935,
                                    "count": 155197,
                                    "self": 10.73168439991474,
                                    "children": {
                                        "TorchPolicy.evaluate": {
                                            "total": 394.80559900007876,
                                            "count": 148941,
                                            "self": 86.67764660002797,
                                            "children": {
                                                "TorchPolicy.sample_actions": {
                                                    "total": 308.1279524000508,
                                                    "count": 148941,