{"count":1,"self":96.100383999999991,"total":129.657886,"children":{"InitializeActuators":{"count":4,"self":0.0029985999999999997,"total":0.0029985999999999997,"children":null},"InitializeSensors":{"count":4,"self":0.0040897,"total":0.0040897,"children":null},"AgentSendState":{"count":9684,"self":0.24991549999999998,"total":2.6641786,"children":{"CollectObservations":{"count":7748,"self":0.075474699999999992,"total":0.075474699999999992,"children":null},"WriteActionMask":{"count":7748,"self":0.050479199999999995,"total":0.050479199999999995,"children":null},"RequestDecision":{"count":7748,"self":0.17051439999999998,"total":2.2883092,"children":{"AgentInfo.ToProto":{"count":7748,"self":0.1229479,"total":2.1177948,"children":{"GenerateSensorData":{"count":7748,"self":0.5323551,"total":1.9948469,"children":{"RayPerceptionSensor.Perceive":{"count":23244,"self":1.4624918,"total":1.4624918,"children":null}}}}}}}}},"DecideAction":{"count":9684,"self":30.4693504,"total":30.4693507,"children":null},"AgentAct":{"count":9684,"self":0.2309403,"total":0.2309403,"children":null},"AgentInfo.ToProto":{"count":601,"self":0.0115053,"total":0.18594429999999998,"children":{"GenerateSensorData":{"count":601,"self":0.0439849,"total":0.17443899999999998,"children":{"RayPerceptionSensor.Perceive":{"count":1803,"self":0.1304541,"total":0.1304541,"children":null}}}}}},"gauges":{"SmartBehaviour.CumulativeReward":{"count":601,"max":-0.9883,"min":-2,"runningAverage":-1.00969362,"value":-0.9945,"weightedAverage":-0.99610585}},"metadata":{"timer_format_version":"0.1.0","start_time_seconds":"1617977124","unity_version":"2019.4.22f1","command_line_arguments":"C:\\Program Files\\Unity\\Hub\\Editor\\2019.4.22f1\\Editor\\Unity.exe -projectpath C:\/Users\/home-user\/Desktop\/CS4442-Project\/Flappy_Bird -useHub -hubIPC -cloudEnvironment production -hubSessionId 84f738b0-90ef-11eb-be0d-9941eccd9b97","communication_protocol_version":"1.5.0","com.unity.ml-agents_version":"1.9.0-preview","scene_name":"Main","end_time_seconds":"1617977253"}}