{"count":1,"self":40.312761599999995,"total":40.4961936,"children":{"InitializeActuators":{"count":10,"self":0.0029988999999999997,"total":0.0029988999999999997,"children":null},"InitializeSensors":{"count":10,"self":0.0029988999999999997,"total":0.0029988999999999997,"children":null},"AgentSendState":{"count":473,"self":0.026873599999999997,"total":0.1467071,"children":{"CollectObservations":{"count":950,"self":0.0069980999999999993,"total":0.0069980999999999993,"children":null},"WriteActionMask":{"count":950,"self":0.0110038,"total":0.0110038,"children":null},"RequestDecision":{"count":950,"self":0.018525299999999998,"total":0.1018316,"children":{"RayPerceptionSensor.Perceive":{"count":950,"self":0.0833063,"total":0.0833063,"children":null}}}}},"DecideAction":{"count":473,"self":0.011994999999999999,"total":0.011994999999999999,"children":null},"AgentAct":{"count":473,"self":0.013763899999999999,"total":0.013763899999999999,"children":null},"RayPerceptionSensor.Perceive":{"count":14,"self":0.0029708,"total":0.0029708,"children":null}},"gauges":{"SmartBehaviour.CumulativeReward":{"count":14,"max":3550,"min":100,"runningAverage":2254.286,"value":2580,"weightedAverage":2201.09033}},"metadata":{"timer_format_version":"0.1.0","start_time_seconds":"1616841086","unity_version":"2019.4.22f1","command_line_arguments":"C:\\Program Files\\Unity\\Hub\\Editor\\2019.4.22f1\\Editor\\Unity.exe -projectpath C:\/Users\/home-user\/Desktop\/CS4442-Project\/Flappy_Bird -useHub -hubIPC -cloudEnvironment production -hubSessionId 3b339e90-8897-11eb-a663-958f9087303f","communication_protocol_version":"1.5.0","com.unity.ml-agents_version":"1.9.0-preview","scene_name":"Main","end_time_seconds":"1616841126"}}