{"count":1,"self":392.8197376,"total":1458.8437863,"children":{"InitializeActuators":{"count":4,"self":0.0029984,"total":0.0029984,"children":null},"InitializeSensors":{"count":4,"self":0.0029988999999999997,"total":0.0029988999999999997,"children":null},"AgentSendState":{"count":420401,"self":14.855328,"total":192.59960429999998,"children":{"CollectObservations":{"count":560536,"self":4.7162375999999995,"total":4.7162377,"children":null},"WriteActionMask":{"count":560536,"self":2.9503304,"total":2.9503303,"children":null},"RequestDecision":{"count":560536,"self":9.4610928,"total":170.07770779999998,"children":{"AgentInfo.ToProto":{"count":560536,"self":8.1106368,"total":160.61661519999998,"children":{"GenerateSensorData":{"count":560536,"self":36.724495999999995,"total":152.5059784,"children":{"RayPerceptionSensor.Perceive":{"count":1681608,"self":115.7814784,"total":115.7814837,"children":null}}}}}}}}},"DecideAction":{"count":420401,"self":865.3512704,"total":865.3512899,"children":null},"AgentAct":{"count":420401,"self":7.9806903999999994,"total":7.9806903999999994,"children":null},"AgentInfo.ToProto":{"count":305,"self":0.001999,"total":0.084475299999999989,"children":{"GenerateSensorData":{"count":305,"self":0.0135035,"total":0.0824763,"children":{"RayPerceptionSensor.Perceive":{"count":915,"self":0.0689728,"total":0.0689728,"children":null}}}}}},"gauges":{"SmartBehaviour.CumulativeReward":{"count":305,"max":196.6712,"min":-1,"runningAverage":26.1883354,"value":6.145466,"weightedAverage":29.4140224}},"metadata":{"timer_format_version":"0.1.0","start_time_seconds":"1618147836","unity_version":"2019.4.22f1","command_line_arguments":"C:\\Program Files\\Unity\\Hub\\Editor\\2019.4.22f1\\Editor\\Unity.exe -projectpath C:\/Users\/home-user\/Desktop\/CS4442-Project\/Flappy_Bird -useHub -hubIPC -cloudEnvironment production -hubSessionId 84f738b0-90ef-11eb-be0d-9941eccd9b97","communication_protocol_version":"1.5.0","com.unity.ml-agents_version":"1.9.0-preview","scene_name":"Main","end_time_seconds":"1618149295"}}