{"count":1,"self":548.2256384,"total":1580.5877407,"children":{"InitializeActuators":{"count":4,"self":0.0029971999999999998,"total":0.0029971999999999998,"children":null},"InitializeSensors":{"count":4,"self":0.0039981,"total":0.0039981,"children":null},"AgentSendState":{"count":406667,"self":14.787310399999999,"total":191.1023376,"children":{"CollectObservations":{"count":542224,"self":4.550726,"total":4.5507259,"children":null},"WriteActionMask":{"count":542224,"self":2.8572303999999997,"total":2.8572305,"children":null},"RequestDecision":{"count":542224,"self":9.389111999999999,"total":168.90707139999998,"children":{"AgentInfo.ToProto":{"count":542224,"self":8.0207752,"total":159.5179598,"children":{"GenerateSensorData":{"count":542224,"self":35.7008704,"total":151.49718439999998,"children":{"RayPerceptionSensor.Perceive":{"count":1626672,"self":115.79631359999999,"total":115.7963152,"children":null}}}}}}}}},"DecideAction":{"count":406667,"self":833.46862079999994,"total":833.4686144,"children":null},"AgentAct":{"count":406667,"self":7.7556328,"total":7.7556327,"children":null},"AgentInfo.ToProto":{"count":93,"self":0.002999,"total":0.025500099999999998,"children":{"GenerateSensorData":{"count":93,"self":0.0009998,"total":0.0225011,"children":{"RayPerceptionSensor.Perceive":{"count":279,"self":0.021501299999999997,"total":0.021501299999999997,"children":null}}}}}},"gauges":{"SmartBehaviour.CumulativeReward":{"count":93,"max":379.587921,"min":-0.956799865,"runningAverage":80.27514,"value":4.1291,"weightedAverage":59.0115166}},"metadata":{"timer_format_version":"0.1.0","start_time_seconds":"1618143374","unity_version":"2019.4.22f1","command_line_arguments":"C:\\Program Files\\Unity\\Hub\\Editor\\2019.4.22f1\\Editor\\Unity.exe -projectpath C:\/Users\/home-user\/Desktop\/CS4442-Project\/Flappy_Bird -useHub -hubIPC -cloudEnvironment production -hubSessionId 84f738b0-90ef-11eb-be0d-9941eccd9b97","communication_protocol_version":"1.5.0","com.unity.ml-agents_version":"1.9.0-preview","scene_name":"Main","end_time_seconds":"1618144955"}}