{"count":1,"self":651.133696,"total":1870.3836958,"children":{"InitializeActuators":{"count":4,"self":0.0029981,"total":0.0029981,"children":null},"InitializeSensors":{"count":4,"self":0.0039973,"total":0.0039973,"children":null},"AgentSendState":{"count":375151,"self":13.693507199999999,"total":175.4926075,"children":{"CollectObservations":{"count":500204,"self":4.288212,"total":4.2882121999999994,"children":null},"WriteActionMask":{"count":500204,"self":2.6944344,"total":2.6944345,"children":null},"RequestDecision":{"count":500204,"self":8.322087999999999,"total":154.8164535,"children":{"AgentInfo.ToProto":{"count":500204,"self":7.2878871999999992,"total":146.4943652,"children":{"GenerateSensorData":{"count":500204,"self":32.876227199999995,"total":139.2064783,"children":{"RayPerceptionSensor.Perceive":{"count":1500612,"self":106.3302528,"total":106.3302497,"children":null}}}}}}}}},"DecideAction":{"count":375151,"self":1036.5478911999999,"total":1036.5478530999999,"children":null},"AgentAct":{"count":375151,"self":7.1895583999999992,"total":7.1895583,"children":null},"AgentInfo.ToProto":{"count":38,"self":0.0019996,"total":0.0129997,"children":{"GenerateSensorData":{"count":38,"self":0.0019993,"total":0.011000099999999999,"children":{"RayPerceptionSensor.Perceive":{"count":114,"self":0.0090008,"total":0.0090008,"children":null}}}}}},"gauges":{"SmartBehaviour.CumulativeReward":{"count":38,"max":1251.4989,"min":17.35043,"runningAverage":205.903091,"value":216.657028,"weightedAverage":176.465042}},"metadata":{"timer_format_version":"0.1.0","start_time_seconds":"1618134618","unity_version":"2019.4.22f1","command_line_arguments":"C:\\Program Files\\Unity\\Hub\\Editor\\2019.4.22f1\\Editor\\Unity.exe -projectpath C:\/Users\/home-user\/Desktop\/CS4442-Project\/Flappy_Bird -useHub -hubIPC -cloudEnvironment production -hubSessionId 84f738b0-90ef-11eb-be0d-9941eccd9b97","communication_protocol_version":"1.5.0","com.unity.ml-agents_version":"1.9.0-preview","scene_name":"Main","end_time_seconds":"1618136488"}}