{"count":1,"self":496.62602239999995,"total":889.79603839999993,"children":{"InitializeActuators":{"count":1,"self":0.0029993,"total":0.0029993,"children":null},"InitializeSensors":{"count":1,"self":0.0029993,"total":0.0029993,"children":null},"AgentSendState":{"count":313804,"self":3.9346767999999996,"total":26.1520217,"children":{"CollectObservations":{"count":62761,"self":0.577383,"total":0.577383,"children":null},"WriteActionMask":{"count":62761,"self":0.4029172,"total":0.4029172,"children":null},"RequestDecision":{"count":62761,"self":1.2102370999999998,"total":21.2370449,"children":{"AgentInfo.ToProto":{"count":62761,"self":1.0880823,"total":20.0268078,"children":{"GenerateSensorData":{"count":62761,"self":4.3508103999999994,"total":18.9387255,"children":{"RayPerceptionSensor.Perceive":{"count":188283,"self":14.5879152,"total":14.5879149,"children":null}}}}}}}}},"DecideAction":{"count":313804,"self":362.6441728,"total":362.6441812,"children":null},"AgentAct":{"count":313804,"self":3.2315785999999997,"total":3.2315785999999997,"children":null},"AgentInfo.ToProto":{"count":3465,"self":0.0609851,"total":1.1342367,"children":{"GenerateSensorData":{"count":3465,"self":0.2699128,"total":1.0732515999999999,"children":{"RayPerceptionSensor.Perceive":{"count":10395,"self":0.80333879999999991,"total":0.80333879999999991,"children":null}}}}}},"gauges":{"SmartBehaviour.CumulativeReward":{"count":3465,"max":28.30003,"min":-1955.97,"runningAverage":-883.335754,"value":-276.290039,"weightedAverage":-661.610657}},"metadata":{"timer_format_version":"0.1.0","start_time_seconds":"1616991454","unity_version":"2019.4.22f1","command_line_arguments":"C:\\Program Files\\Unity\\Hub\\Editor\\2019.4.22f1\\Editor\\Unity.exe -projectpath C:\/Users\/home-user\/Desktop\/CS4442-Project\/Flappy_Bird -useHub -hubIPC -cloudEnvironment production -hubSessionId c0804730-8f75-11eb-ac5c-05cd8abd89b3","communication_protocol_version":"1.5.0","com.unity.ml-agents_version":"1.9.0-preview","scene_name":"Main","end_time_seconds":"1616992343"}}