{"count":1,"self":2897.3934592,"total":5465.0839836,"children":{"InitializeActuators":{"count":5,"self":0.0029995,"total":0.0029995,"children":null},"InitializeSensors":{"count":5,"self":0.0029988,"total":0.0029988,"children":null},"AgentSendState":{"count":1155717,"self":32.589366399999996,"total":396.42947619999995,"children":{"CollectObservations":{"count":1155720,"self":10.066564,"total":10.0665639,"children":null},"WriteActionMask":{"count":1155720,"self":5.9385284,"total":5.9385283,"children":null},"RequestDecision":{"count":1155720,"self":19.07292,"total":347.8350165,"children":{"AgentInfo.ToProto":{"count":1155720,"self":16.4202288,"total":328.7620967,"children":{"GenerateSensorData":{"count":1155720,"self":73.6412928,"total":312.3418679,"children":{"RayPerceptionSensor.Perceive":{"count":3467160,"self":238.7005696,"total":238.7005753,"children":null}}}}}}}}},"DecideAction":{"count":1155717,"self":2144.8196095999997,"total":2144.8195662999997,"children":null},"AgentAct":{"count":1155717,"self":26.215111999999998,"total":26.227110699999997,"children":{"AgentInfo.ToProto":{"count":55,"self":0,"total":0.011998,"children":{"GenerateSensorData":{"count":55,"self":0.0020007,"total":0.011998,"children":{"RayPerceptionSensor.Perceive":{"count":165,"self":0.0099972999999999989,"total":0.0099972999999999989,"children":null}}}}}}},"AgentInfo.ToProto":{"count":720,"self":0.0109943,"total":0.2064364,"children":{"GenerateSensorData":{"count":720,"self":0.0539915,"total":0.19544209999999998,"children":{"RayPerceptionSensor.Perceive":{"count":2160,"self":0.14145059999999998,"total":0.14145059999999998,"children":null}}}}}},"gauges":{"SmartBehaviour.CumulativeReward":{"count":775,"max":1867.80725,"min":1.671999,"runningAverage":69.82593,"value":19.7101612,"weightedAverage":23.6948433}},"metadata":{"timer_format_version":"0.1.0","start_time_seconds":"1617242113","unity_version":"2019.4.22f1","command_line_arguments":"C:\\Program Files\\Unity\\Hub\\Editor\\2019.4.22f1\\Editor\\Unity.exe -projectpath C:\/Users\/home-user\/Desktop\/CS4442-Project\/Flappy_Bird -useHub -hubIPC -cloudEnvironment production -hubSessionId 84f738b0-90ef-11eb-be0d-9941eccd9b97","communication_protocol_version":"1.5.0","com.unity.ml-agents_version":"1.9.0-preview","scene_name":"Main","end_time_seconds":"1617247578"}}