{"count":1,"self":234.5871616,"total":235.26986749999998,"children":{"InitializeActuators":{"count":1,"self":0.0029985999999999997,"total":0.0029985999999999997,"children":null},"InitializeSensors":{"count":1,"self":0.0029981,"total":0.0029981,"children":null},"AgentSendState":{"count":2220,"self":0.1129386,"total":0.6317296,"children":{"CollectObservations":{"count":2220,"self":0.0399763,"total":0.0399763,"children":null},"WriteActionMask":{"count":2220,"self":0.012998599999999999,"total":0.012998599999999999,"children":null},"RequestDecision":{"count":2220,"self":0.058986899999999995,"total":0.46581609999999996,"children":{"RayPerceptionSensor.Perceive":{"count":6660,"self":0.4068292,"total":0.4068292,"children":null}}}}},"DecideAction":{"count":2220,"self":0.028988999999999997,"total":0.028988999999999997,"children":null},"AgentAct":{"count":2220,"self":0.014980799999999999,"total":0.014980799999999999,"children":null},"RayPerceptionSensor.Perceive":{"count":15,"self":0.00099779999999999986,"total":0.00099779999999999986,"children":null}},"gauges":{"SmartBehaviour.CumulativeReward":{"count":5,"max":4527.60059,"min":-1000,"runningAverage":598.680054,"value":-987,"weightedAverage":810.1313}},"metadata":{"timer_format_version":"0.1.0","start_time_seconds":"1617167361","unity_version":"2019.4.22f1","command_line_arguments":"C:\\Program Files\\Unity\\Hub\\Editor\\2019.4.22f1\\Editor\\Unity.exe -projectpath C:\/Users\/home-user\/Desktop\/CS4442-Project\/Flappy_Bird -useHub -hubIPC -cloudEnvironment production -hubSessionId 84f738b0-90ef-11eb-be0d-9941eccd9b97","communication_protocol_version":"1.5.0","com.unity.ml-agents_version":"1.9.0-preview","scene_name":"Main","end_time_seconds":"1617167596"}}