{"count":1,"self":940.1934848,"total":2457.5620233,"children":{"InitializeActuators":{"count":10,"self":0.0030023999999999997,"total":0.0030023999999999997,"children":null},"InitializeSensors":{"count":10,"self":0.0030017999999999998,"total":0.0030017999999999998,"children":null},"AgentSendState":{"count":440417,"self":22.3494544,"total":302.222605,"children":{"CollectObservations":{"count":880840,"self":7.6456016,"total":7.6456016999999994,"children":null},"WriteActionMask":{"count":880840,"self":4.6311548,"total":4.6311547,"children":null},"RequestDecision":{"count":880840,"self":14.5459424,"total":267.5963943,"children":{"AgentInfo.ToProto":{"count":880840,"self":12.8007256,"total":253.05045239999998,"children":{"GenerateSensorData":{"count":880840,"self":55.193657599999995,"total":240.24972689999998,"children":{"RayPerceptionSensor.Perceive":{"count":2642520,"self":185.056064,"total":185.0560674,"children":null}}}}}}}}},"DecideAction":{"count":440417,"self":1199.3862144,"total":1199.3862365999998,"children":null},"AgentAct":{"count":440417,"self":15.7017072,"total":15.7017074,"children":null},"AgentInfo.ToProto":{"count":170,"self":0.0049986,"total":0.0499777,"children":{"GenerateSensorData":{"count":170,"self":0.0079937999999999988,"total":0.0449791,"children":{"RayPerceptionSensor.Perceive":{"count":510,"self":0.0369853,"total":0.0369853,"children":null}}}}}},"gauges":{"SmartBehaviour.CumulativeReward":{"count":170,"max":255847168,"min":223.400024,"runningAverage":9500657,"value":6581355.5,"weightedAverage":11091615}},"metadata":{"timer_format_version":"0.1.0","start_time_seconds":"1617188732","unity_version":"2019.4.22f1","command_line_arguments":"C:\\Program Files\\Unity\\Hub\\Editor\\2019.4.22f1\\Editor\\Unity.exe -projectpath C:\/Users\/home-user\/Desktop\/CS4442-Project\/Flappy_Bird -useHub -hubIPC -cloudEnvironment production -hubSessionId 84f738b0-90ef-11eb-be0d-9941eccd9b97","communication_protocol_version":"1.5.0","com.unity.ml-agents_version":"1.9.0-preview","scene_name":"Main","end_time_seconds":"1617191190"}}