{"count":1,"self":1364.7567872,"total":3543.9270011999997,"children":{"InitializeActuators":{"count":10,"self":0.0029985999999999997,"total":0.0029985999999999997,"children":null},"InitializeSensors":{"count":10,"self":0.0029985,"total":0.0029985,"children":null},"AgentSendState":{"count":627334,"self":30.5836288,"total":478.6354434,"children":{"CollectObservations":{"count":1254670,"self":9.9639232,"total":9.9639236,"children":null},"WriteActionMask":{"count":1254670,"self":6.609458,"total":6.6094580999999994,"children":null},"RequestDecision":{"count":1254670,"self":20.449288,"total":431.4784325,"children":{"AgentInfo.ToProto":{"count":1254670,"self":17.8055472,"total":411.0291444,"children":{"GenerateSensorData":{"count":1254670,"self":78.8511552,"total":393.2235975,"children":{"RayPerceptionSensor.Perceive":{"count":3764010,"self":314.3724544,"total":314.372443,"children":null}}}}}}}}},"DecideAction":{"count":627334,"self":1683.220992,"total":1683.2209409999998,"children":null},"AgentAct":{"count":627334,"self":13.084667999999999,"total":13.084667699999999,"children":null},"AgentInfo.ToProto":{"count":11796,"self":0.2274185,"total":4.2211735,"children":{"GenerateSensorData":{"count":11796,"self":0.801215,"total":3.9937549999999997,"children":{"RayPerceptionSensor.Perceive":{"count":35388,"self":3.1925399999999997,"total":3.1925399999999997,"children":null}}}}}},"gauges":{"SmartBehaviour.CumulativeReward":{"count":11796,"max":3200,"min":-2000,"runningAverage":-645.6268,"value":-1000,"weightedAverage":-821.2135}},"metadata":{"timer_format_version":"0.1.0","start_time_seconds":"1617016425","unity_version":"2019.4.22f1","command_line_arguments":"C:\\Program Files\\Unity\\Hub\\Editor\\2019.4.22f1\\Editor\\Unity.exe -projectpath C:\/Users\/home-user\/Desktop\/CS4442-Project\/Flappy_Bird -useHub -hubIPC -cloudEnvironment production -hubSessionId c0804730-8f75-11eb-ac5c-05cd8abd89b3","communication_protocol_version":"1.5.0","com.unity.ml-agents_version":"1.9.0-preview","scene_name":"Main","end_time_seconds":"1617019969"}}