{
    "name": "root",
    "gauges": {
        "SmartBehaviour.Policy.Entropy.mean": {
            "value": 0.07615736126899719,
            "min": 0.07421040534973145,
            "max": 0.1945067197084427,
            "count": 126
        },
        "SmartBehaviour.Policy.Entropy.sum": {
            "value": 758.52734375,
            "min": 730.6793212890625,
            "max": 1982.8404541015625,
            "count": 126
        },
        "SmartBehaviour.Policy.ExtrinsicValueEstimate.mean": {
            "value": 4816.67578125,
            "min": 4678.80615234375,
            "max": 6829.52978515625,
            "count": 126
        },
        "SmartBehaviour.Policy.ExtrinsicValueEstimate.sum": {
            "value": 977785.1875,
            "min": 930628.0,
            "max": 1493439.5,
            "count": 126
        },
        "SmartBehaviour.Environment.EpisodeLength.mean": {
            "value": 132.3108108108108,
            "min": 122.67073170731707,
            "max": 137.36,
            "count": 126
        },
        "SmartBehaviour.Environment.EpisodeLength.sum": {
            "value": 9791.0,
            "min": 7971.0,
            "max": 10576.0,
            "count": 126
        },
        "SmartBehaviour.Environment.CumulativeReward.mean": {
            "value": 13602.153489854602,
            "min": 11973.91280420815,
            "max": 14774.587885263803,
            "count": 126
        },
        "SmartBehaviour.Environment.CumulativeReward.sum": {
            "value": 979355.0512695312,
            "min": 815625.4989013672,
            "max": 1093319.5035095215,
            "count": 126
        },
        "SmartBehaviour.Policy.ExtrinsicReward.mean": {
            "value": 13602.153489854602,
            "min": 11973.91280420815,
            "max": 14774.587885263803,
            "count": 126
        },
        "SmartBehaviour.Policy.ExtrinsicReward.sum": {
            "value": 979355.0512695312,
            "min": 815625.4989013672,
            "max": 1093319.5035095215,
            "count": 126
        },
        "SmartBehaviour.IsTraining.mean": {
            "value": 1.0,
            "min": 1.0,
            "max": 1.0,
            "count": 126
        },
        "SmartBehaviour.IsTraining.sum": {
            "value": 1.0,
            "min": 1.0,
            "max": 1.0,
            "count": 126
        },
        "SmartBehaviour.Losses.PolicyLoss.mean": {
            "value": 0.024916310980916023,
            "min": 0.016745176639718314,
            "max": 0.03479350689255322,
            "count": 122
        },
        "SmartBehaviour.Losses.PolicyLoss.sum": {
            "value": 0.024916310980916023,
            "min": 0.016745176639718314,
            "max": 0.03479350689255322,
            "count": 122
        },
        "SmartBehaviour.Losses.ValueLoss.mean": {
            "value": 411656.15520833334,
            "min": 404730.18645833334,
            "max": 1626767.15,
            "count": 122
        },
        "SmartBehaviour.Losses.ValueLoss.sum": {
            "value": 411656.15520833334,
            "min": 404730.18645833334,
            "max": 1626767.15,
            "count": 122
        },
        "SmartBehaviour.Policy.LearningRate.mean": {
            "value": 0.00020170329276558002,
            "min": 0.00020170329276558002,
            "max": 0.00027647616784128005,
            "count": 122
        },
        "SmartBehaviour.Policy.LearningRate.sum": {
            "value": 0.00020170329276558002,
            "min": 0.00020170329276558002,
            "max": 0.00027647616784128005,
            "count": 122
        },
        "SmartBehaviour.Policy.Epsilon.mean": {
            "value": 0.16723441999999994,
            "min": 0.16723441999999994,
            "max": 0.19215872000000003,
            "count": 122
        },
        "SmartBehaviour.Policy.Epsilon.sum": {
            "value": 0.16723441999999994,
            "min": 0.16723441999999994,
            "max": 0.19215872000000003,
            "count": 122
        },
        "SmartBehaviour.Policy.Beta.mean": {
            "value": 0.0033649975580000006,
            "min": 0.0033649975580000006,
            "max": 0.0046087201280000005,
            "count": 122
        },
        "SmartBehaviour.Policy.Beta.sum": {
            "value": 0.0033649975580000006,
            "min": 0.0033649975580000006,
            "max": 0.0046087201280000005,
            "count": 122
        }
    },
    "metadata": {
        "timer_format_version": "0.1.0",
        "start_time_seconds": "1616915550",
        "python_version": "3.7.9 (tags/v3.7.9:13c94747c7, Aug 17 2020, 18:58:18) [MSC v.1900 64 bit (AMD64)]",
        "command_line_arguments": "C:\\Users\\home-user\\Desktop\\CS4442-Project\\Flappy_Bird\\venv\\Scripts\\mlagents-learn Config\\TEST3.yaml --run-id=TEST3(r1=5bonus,r2=100passedcol,p1=1000) --resume",
        "mlagents_version": "0.25.0",
        "mlagents_envs_version": "0.25.0",
        "communication_protocol_version": "1.5.0",
        "pytorch_version": "1.7.1+cu110",
        "numpy_version": "1.20.1",
        "end_time_seconds": "1616919497"
    },
    "total": 3946.6736800999997,
    "count": 1,
    "self": 0.016111799999634968,
    "children": {
        "run_training.setup": {
            "total": 0.21248880000000003,
            "count": 1,
            "self": 0.21248880000000003
        },
        "TrainerController.start_learning": {
            "total": 3946.4450795000002,
            "count": 1,
            "self": 4.934701900076561,
            "children": {
                "TrainerController._reset_env": {
                    "total": 14.266686400000001,
                    "count": 1,
                    "self": 14.266686400000001
                },
                "TrainerController.advance": {
                    "total": 3927.0899046999234,
                    "count": 132883,
                    "self": 2.7182456999498754,
                    "children": {
                        "env_step": {
                            "total": 3924.3716589999735,
                            "count": 132883,
                            "self": 3105.4251470001645,
                            "children": {
                                "SubprocessEnvManager._take_step": {
                                    "total": 816.3413570998687,
                                    "count": 132883,
                                    "self": 11.015787799839018,
                                    "children": {
                                        "TorchPolicy.evaluate": {
                                            "total": 805.3255693000297,
                                            "count": 126111,
                                            "self": 183.39108070000043,
                                            "children": {
                                                "TorchPolicy.sample_actions": {
                                                    "total": 621.9344886000292,
                                                    "count": 126111,
                                                    "self": 621.9344886000292
                                                }
                                            }
                                        }
                                    }
                                },
                                "workers": {
                                    "total": 2.6051548999404233,
                                    "count": 132882,
                                    "self": 0.0,
                                    "children": {
                                        "worker_root": {
                                            "total": 3927.0081353000587,
                                            "count": 132882,
                                            "is_parallel": true,
                                            "self": 1359.271079900113,