{
    "name": "root",
    "gauges": {
        "SmartBehaviour.Policy.Entropy.mean": {
            "value": 0.0517670102417469,
            "min": 0.0510469451546669,
            "max": 0.6930504441261292,
            "count": 500
        },
        "SmartBehaviour.Policy.Entropy.sum": {
            "value": 515.5994262695312,
            "min": 458.3906555175781,
            "max": 6985.908203125,
            "count": 500
        },
        "SmartBehaviour.Environment.EpisodeLength.mean": {
            "value": 134.7,
            "min": 15.155339805825243,
            "max": 142.8840579710145,
            "count": 500
        },
        "SmartBehaviour.Environment.EpisodeLength.sum": {
            "value": 9429.0,
            "min": 8345.0,
            "max": 11340.0,
            "count": 500
        },
        "SmartBehaviour.Policy.ExtrinsicValueEstimate.mean": {
            "value": -445.7393798828125,
            "min": -479.37811279296875,
            "max": 0.4108005464076996,
            "count": 500
        },
        "SmartBehaviour.Policy.ExtrinsicValueEstimate.sum": {
            "value": -58391.859375,
            "min": -63787.4296875,
            "max": 253.46392822265625,
            "count": 500
        },
        "SmartBehaviour.Environment.CumulativeReward.mean": {
            "value": -230.78571428571428,
            "min": -924.2394822006472,
            "max": -168.16176470588235,
            "count": 500
        },
        "SmartBehaviour.Environment.CumulativeReward.sum": {
            "value": -16155.0,
            "min": -571180.0,
            "max": -11435.0,
            "count": 500
        },
        "SmartBehaviour.Policy.ExtrinsicReward.mean": {
            "value": -230.78571428571428,
            "min": -924.2394822006472,
            "max": -168.16176470588235,
            "count": 500
        },
        "SmartBehaviour.Policy.ExtrinsicReward.sum": {
            "value": -16155.0,
            "min": -571180.0,
            "max": -11435.0,
            "count": 500
        },
        "SmartBehaviour.IsTraining.mean": {
            "value": 1.0,
            "min": 1.0,
            "max": 1.0,
            "count": 500
        },
        "SmartBehaviour.IsTraining.sum": {
            "value": 1.0,
            "min": 1.0,
            "max": 1.0,
            "count": 500
        },
        "SmartBehaviour.Losses.PolicyLoss.mean": {
            "value": 0.01688644785899669,
            "min": 0.009343414194881916,
            "max": 0.026044665339092412,
            "count": 242
        },
        "SmartBehaviour.Losses.PolicyLoss.sum": {
            "value": 0.01688644785899669,
            "min": 0.009343414194881916,
            "max": 0.026044665339092412,
            "count": 242
        },
        "SmartBehaviour.Losses.ValueLoss.mean": {
            "value": 4243.0649007161455,
            "min": 3633.8072916666665,
            "max": 409949.12604166666,
            "count": 242
        },
        "SmartBehaviour.Losses.ValueLoss.sum": {
            "value": 4243.0649007161455,
            "min": 3633.8072916666665,
            "max": 409949.12604166666,
            "count": 242
        },
        "SmartBehaviour.Policy.LearningRate.mean": {
            "value": 9.09579696840007e-07,
            "min": 9.09579696840007e-07,
            "max": 0.0002987706604097799,
            "count": 242
        },
        "SmartBehaviour.Policy.LearningRate.sum": {
            "value": 9.09579696840007e-07,
            "min": 9.09579696840007e-07,
            "max": 0.0002987706604097799,
            "count": 242
        },
        "SmartBehaviour.Policy.Epsilon.mean": {
            "value": 0.10030316000000003,
            "min": 0.10030316000000003,
            "max": 0.19959022000000004,
            "count": 242
        },
        "SmartBehaviour.Policy.Epsilon.sum": {
            "value": 0.10030316000000003,
            "min": 0.10030316000000003,
            "max": 0.19959022000000004,
            "count": 242
        },
        "SmartBehaviour.Policy.Beta.mean": {
            "value": 2.512768400000011e-05,
            "min": 2.512768400000011e-05,
            "max": 0.004979551978000002,
            "count": 242
        },
        "SmartBehaviour.Policy.Beta.sum": {
            "value": 2.512768400000011e-05,
            "min": 2.512768400000011e-05,
            "max": 0.004979551978000002,
            "count": 242
        }
    },
    "metadata": {
        "timer_format_version": "0.1.0",
        "start_time_seconds": "1616852199",
        "python_version": "3.7.9 (tags/v3.7.9:13c94747c7, Aug 17 2020, 18:58:18) [MSC v.1900 64 bit (AMD64)]",
        "command_line_arguments": "C:\\Users\\home-user\\Desktop\\CS4442-Project\\Flappy_Bird\\venv\\Scripts\\mlagents-learn ./Config/config3.yaml --run-id=TEST1(r1=1,r2=100,p1=1000)",
        "mlagents_version": "0.25.0",
        "mlagents_envs_version": "0.25.0",
        "communication_protocol_version": "1.5.0",
        "pytorch_version": "1.7.1+cu110",
        "numpy_version": "1.20.1",
        "end_time_seconds": "1616867364"
    },
    "total": 15164.7675542,
    "count": 1,
    "self": 0.05330899999898975,
    "children": {
        "run_training.setup": {
            "total": 0.1882351,
            "count": 1,
            "self": 0.1882351
        },
        "TrainerController.start_learning": {
            "total": 15164.5260101,
            "count": 1,
            "self": 17.378092000340985,
            "children": {
                "TrainerController._reset_env": {
                    "total": 19.255459100000003,
                    "count": 1,
                    "self": 19.255459100000003
                },
                "TrainerController.advance": {
                    "total": 15127.77457879966,
                    "count": 531287,
                    "self": 10.037519500041526,
                    "children": {
                        "env_step": {
                            "total": 15117.737059299618,
                            "count": 531287,
                            "self": 12457.731469898717,
                            "children": {
                                "SubprocessEnvManager._take_step": {
                                    "total": 2650.4908217005604,
                                    "count": 531287,
                                    "self": 39.979915901520144,
                                    "children": {
                                        "TorchPolicy.evaluate": {
                                            "total": 2610.5109057990403,
                                            "count": 500055,
                                            "self": 478.7922733991495,
                                            "children": {
                                                "TorchPolicy.sample_actions": {
                                                    "total": 2131.718632399891,
                                                    "count": 500055,
                                                    "self": 2131.718632399891
                                                }
                                            }
                                        }
                                    }
                                },
                                "workers": {
                                    "total": 9.514767700339956,
                                    "count": 531287,
                                    "self": 0.0,
                                    "children": {
                                        "worker_root": {
                                            "total": 15127.217783901122,
                                            "count": 531287,
                                            "is_parallel": true,
                                            "self": 4139.882918201325,