{
    "name": "root",
    "gauges": {
        "SmartBehaviour.Policy.Entropy.mean": {
            "value": 0.1652473509311676,
            "min": 0.15259547531604767,
            "max": 0.1700933575630188,
            "count": 9
        },
        "SmartBehaviour.Policy.Entropy.sum": {
            "value": 826.4020385742188,
            "min": 764.0455322265625,
            "max": 847.5751953125,
            "count": 9
        },
        "SmartBehaviour.Policy.ExtrinsicValue.mean": {
            "value": 1.9850146770477295,
            "min": 1.786767601966858,
            "max": 2.0381438732147217,
            "count": 9
        },
        "SmartBehaviour.Policy.ExtrinsicValue.sum": {
            "value": 992.50732421875,
            "min": 896.9573364257812,
            "max": 1021.1100463867188,
            "count": 9
        },
        "SmartBehaviour.Environment.EpisodeLength.mean": {
            "value": 2021.5,
            "min": 1229.0,
            "max": 2832.5,
            "count": 9
        },
        "SmartBehaviour.Environment.EpisodeLength.sum": {
            "value": 4043.0,
            "min": 1229.0,
            "max": 8738.0,
            "count": 9
        },
        "SmartBehaviour.Environment.CumulativeReward.mean": {
            "value": 55.560508265160024,
            "min": 32.82600502111018,
            "max": 79.50650432077236,
            "count": 9
        },
        "SmartBehaviour.Environment.CumulativeReward.sum": {
            "value": 111.12101653032005,
            "min": 32.82600502111018,
            "max": 240.93402277631685,
            "count": 9
        },
        "SmartBehaviour.Policy.ExtrinsicReward.mean": {
            "value": 55.560508265160024,
            "min": 32.82600502111018,
            "max": 79.50650432077236,
            "count": 9
        },
        "SmartBehaviour.Policy.ExtrinsicReward.sum": {
            "value": 111.12101653032005,
            "min": 32.82600502111018,
            "max": 240.93402277631685,
            "count": 9
        },
        "SmartBehaviour.IsTraining.mean": {
            "value": 0.0,
            "min": 0.0,
            "max": 0.0,
            "count": 9
        },
        "SmartBehaviour.IsTraining.sum": {
            "value": 0.0,
            "min": 0.0,
            "max": 0.0,
            "count": 9
        }
    },
    "metadata": {
        "timer_format_version": "0.1.0",
        "start_time_seconds": "1617894346",
        "python_version": "3.7.9 (tags/v3.7.9:13c94747c7, Aug 17 2020, 18:58:18) [MSC v.1900 64 bit (AMD64)]",
        "command_line_arguments": "C:\\Users\\home-user\\Desktop\\CS4442-Project\\Flappy_Bird\\venv\\Scripts\\mlagents-learn Config\\TEST36-sac.yaml --run-id=TEST36infer --initialize-from=TEST36 --inference",
        "mlagents_version": "0.25.0",
        "mlagents_envs_version": "0.25.0",
        "communication_protocol_version": "1.5.0",
        "pytorch_version": "1.7.1+cu110",
        "numpy_version": "1.20.1",
        "end_time_seconds": "1617894615"
    },
    "total": 268.6891959,
    "count": 1,
    "self": 0.009526499999992666,
    "children": {
        "run_training.setup": {
            "total": 0.19769859999999984,
            "count": 1,
            "self": 0.19769859999999984
        },
        "TrainerController.start_learning": {
            "total": 268.4819708,
            "count": 1,
            "self": 0.5247293999989324,
            "children": {
                "TrainerController._reset_env": {
                    "total": 11.6152209,
                    "count": 1,
                    "self": 11.6152209
                },
                "TrainerController.advance": {
                    "total": 256.34199110000105,
                    "count": 16034,
                    "self": 0.29695260000119106,
                    "children": {
                        "env_step": {
                            "total": 256.04503849999986,
                            "count": 16034,
                            "self": 225.43558069999727,
                            "children": {
                                "SubprocessEnvManager._take_step": {
                                    "total": 30.345047500001613,
                                    "count": 16034,
                                    "self": 1.1574701000023708,
                                    "children": {
                                        "TorchPolicy.evaluate": {
                                            "total": 29.187577399999242,
                                            "count": 16017,
                                            "self": 7.419046300000332,
                                            "children": {
                                                "TorchPolicy.sample_actions": {
                                                    "total": 21.76853109999891,
                                                    "count": 16017,
                                                    "self": 21.76853109999891
                                                }
                                            }
                                        }
                                    }
                                },
                                "workers": {
                                    "total": 0.26441030000098564,
                                    "count": 16033,
                                    "self": 0.0,
                                    "children": {
                                        "worker_root": {
                                            "total": 256.3540169000006,
                                            "count": 16033,
                                            "is_parallel": true,
                                            "self": 53.1025752000009,
                                            "children": {
                                                "steps_from_proto": {
                                                    "total": 0.0010444999999990046,
                                                    "count": 1,
                                                    "is_parallel": true,
                                                    "self": 0.0004590999999987133,
                                                    "children": {
                                                        "_process_rank_one_or_two_observation": {
                                                            "total": 0.0005854000000002912,
                                                            "count": 8,
                                                            "is_parallel": true,
                                                            "self": 0.0005854000000002912
                                                        }
                                                    }
                                                },
                                                "UnityEnvironment.step": {
                                                    "total": 203.2503971999997,
                                                    "count": 16033,
                                                    "is_parallel": true,
                                                    "self": 2.496705900004173,
                                                    "children": {
                                                        "UnityEnvironment._generate_step_input": {
                                                            "total": 2.098571399998347,
                                                            "count": 16033,
                                                            "is_parallel": true,
                                                            "self": 2.098571399998347
                                                        },
                                                        "communicator.exchange": {
                                                            "total": 185.48219859999907,