{
    "name": "root",
    "gauges": {
        "SmartBehaviour.Policy.Entropy.mean": {
            "value": 0.20148293673992157,
            "min": 0.19119681417942047,
            "max": 0.6928727626800537,
            "count": 345
        },
        "SmartBehaviour.Policy.Entropy.sum": {
            "value": 1924.162109375,
            "min": 1780.8131103515625,
            "max": 6991.08642578125,
            "count": 345
        },
        "SmartBehaviour.Environment.EpisodeLength.mean": {
            "value": 129.0,
            "min": 14.65414710485133,
            "max": 129.33766233766235,
            "count": 345
        },
        "SmartBehaviour.Environment.EpisodeLength.sum": {
            "value": 9675.0,
            "min": 8522.0,
            "max": 11351.0,
            "count": 345
        },
        "SmartBehaviour.Policy.ExtrinsicValueEstimate.mean": {
            "value": 545.3575439453125,
            "min": -291.5309753417969,
            "max": 560.8873291015625,
            "count": 345
        },
        "SmartBehaviour.Policy.ExtrinsicValueEstimate.sum": {
            "value": 41992.53125,
            "min": -69207.2109375,
            "max": 43470.1640625,
            "count": 345
        },
        "SmartBehaviour.Environment.CumulativeReward.mean": {
            "value": 1741.2934792258523,
            "min": -894.3235903174899,
            "max": 1749.710371537642,
            "count": 345
        },
        "SmartBehaviour.Environment.CumulativeReward.sum": {
            "value": 134079.59790039062,
            "min": -570578.4506225586,
            "max": 134727.69860839844,
            "count": 345
        },
        "SmartBehaviour.Policy.ExtrinsicReward.mean": {
            "value": 1741.2934792258523,
            "min": -894.3235903174899,
            "max": 1749.710371537642,
            "count": 345
        },
        "SmartBehaviour.Policy.ExtrinsicReward.sum": {
            "value": 134079.59790039062,
            "min": -570578.4506225586,
            "max": 134727.69860839844,
            "count": 345
        },
        "SmartBehaviour.IsTraining.mean": {
            "value": 1.0,
            "min": 1.0,
            "max": 1.0,
            "count": 345
        },
        "SmartBehaviour.IsTraining.sum": {
            "value": 1.0,
            "min": 1.0,
            "max": 1.0,
            "count": 345
        },
        "SmartBehaviour.Losses.PolicyLoss.mean": {
            "value": 0.014495282162291309,
            "min": 0.010237087495625019,
            "max": 0.023616107157431544,
            "count": 167
        },
        "SmartBehaviour.Losses.PolicyLoss.sum": {
            "value": 0.014495282162291309,
            "min": 0.010237087495625019,
            "max": 0.023616107157431544,
            "count": 167
        },
        "SmartBehaviour.Losses.ValueLoss.mean": {
            "value": 1355.3071614583334,
            "min": 1255.4795166015624,
            "max": 383069.4875,
            "count": 167
        },
        "SmartBehaviour.Losses.ValueLoss.sum": {
            "value": 1355.3071614583334,
            "min": 1255.4795166015624,
            "max": 383069.4875,
            "count": 167
        },
        "SmartBehaviour.Policy.LearningRate.mean": {
            "value": 3.131048868958001e-05,
            "min": 3.131048868958001e-05,
            "max": 9.959018040982e-05,
            "count": 167
        },
        "SmartBehaviour.Policy.LearningRate.sum": {
            "value": 3.131048868958001e-05,
            "min": 3.131048868958001e-05,
            "max": 9.959018040982e-05,
            "count": 167
        },
        "SmartBehaviour.Policy.Epsilon.mean": {
            "value": 0.13131042000000004,
            "min": 0.13131042000000004,
            "max": 0.1995901800000001,
            "count": 167
        },
        "SmartBehaviour.Policy.Epsilon.sum": {
            "value": 0.13131042000000004,
            "min": 0.13131042000000004,
            "max": 0.1995901800000001,
            "count": 167
        },
        "SmartBehaviour.Policy.Beta.mean": {
            "value": 0.001572389958,
            "min": 0.001572389958,
            "max": 0.004979549982000001,
            "count": 167
        },
        "SmartBehaviour.Policy.Beta.sum": {
            "value": 0.001572389958,
            "min": 0.001572389958,
            "max": 0.004979549982000001,
            "count": 167
        }
    },
    "metadata": {
        "timer_format_version": "0.1.0",
        "start_time_seconds": "1616960821",
        "python_version": "3.7.9 (tags/v3.7.9:13c94747c7, Aug 17 2020, 18:58:18) [MSC v.1900 64 bit (AMD64)]",
        "command_line_arguments": "C:\\Users\\home-user\\Desktop\\CS4442-Project\\Flappy_Bird\\venv\\Scripts\\mlagents-learn Config\\TEST6.yaml --run-id=TEST5(r1=1bonus,r2=300passedcol,p1=1000,p2=2000)",
        "mlagents_version": "0.25.0",
        "mlagents_envs_version": "0.25.0",
        "communication_protocol_version": "1.5.0",
        "pytorch_version": "1.7.1+cu110",
        "numpy_version": "1.20.1",
        "end_time_seconds": "1616976131"
    },
    "total": 15310.091104899999,
    "count": 1,
    "self": 0.03368679999948654,
    "children": {
        "run_training.setup": {
            "total": 0.18913380000000002,
            "count": 1,
            "self": 0.18913380000000002
        },
        "TrainerController.start_learning": {
            "total": 15309.868284299999,
            "count": 1,
            "self": 13.440765399729571,
            "children": {
                "TrainerController._reset_env": {
                    "total": 29.1850798,
                    "count": 1,
                    "self": 29.1850798
                },
                "TrainerController.advance": {
                    "total": 15267.087819800268,
                    "count": 372306,
                    "self": 7.040027000053669,
                    "children": {
                        "env_step": {
                            "total": 15260.047792800215,
                            "count": 372306,
                            "self": 13198.416427199896,
                            "children": {
                                "SubprocessEnvManager._take_step": {
                                    "total": 2054.8590591001607,
                                    "count": 372306,
                                    "self": 27.92852560073038,
                                    "children": {
                                        "TorchPolicy.evaluate": {
                                            "total": 2026.9305334994303,
                                            "count": 345721,
                                            "self": 411.89840139926923,
                                            "children": {
                                                "TorchPolicy.sample_actions": {
                                                    "total": 1615.032132100161,
                                                    "count": 345721,
                                                    "self": 1615.032132100161
                                                }
                                            }
                                        }
                                    }
                                },
                                "workers": {
                                    "total": 6.772306500157484,
                                    "count": 372305,
                                    "self": 0.0,
                                    "children": {
                                        "worker_root": {
                                            "total": 15266.049310000375,
                                            "count": 372305,
                                            "is_parallel": true,
                                            "self": 3243.345553500627,