{
    "name": "root",
    "gauges": {
        "SmartBehaviour.Policy.Entropy.mean": {
            "value": 0.5970748066902161,
            "min": 0.5970748066902161,
            "max": 0.5970748066902161,
            "count": 1
        },
        "SmartBehaviour.Policy.Entropy.sum": {
            "value": 29856.12890625,
            "min": 29856.12890625,
            "max": 29856.12890625,
            "count": 1
        },
        "SmartBehaviour.Environment.EpisodeLength.mean": {
            "value": 12.021875,
            "min": 12.021875,
            "max": 12.021875,
            "count": 1
        },
        "SmartBehaviour.Environment.EpisodeLength.sum": {
            "value": 46164.0,
            "min": 46164.0,
            "max": 46164.0,
            "count": 1
        },
        "SmartBehaviour.Policy.ExtrinsicValueEstimate.mean": {
            "value": -10.233654022216797,
            "min": -10.233654022216797,
            "max": -10.233654022216797,
            "count": 1
        },
        "SmartBehaviour.Policy.ExtrinsicValueEstimate.sum": {
            "value": -39901.015625,
            "min": -39901.015625,
            "max": -39901.015625,
            "count": 1
        },
        "SmartBehaviour.Environment.CumulativeReward.mean": {
            "value": 43.43579057046106,
            "min": 43.43579057046106,
            "max": 43.43579057046106,
            "count": 1
        },
        "SmartBehaviour.Environment.CumulativeReward.sum": {
            "value": 166750.0,
            "min": 166750.0,
            "max": 166750.0,
            "count": 1
        },
        "SmartBehaviour.Policy.ExtrinsicReward.mean": {
            "value": 43.43579057046106,
            "min": 43.43579057046106,
            "max": 43.43579057046106,
            "count": 1
        },
        "SmartBehaviour.Policy.ExtrinsicReward.sum": {
            "value": 166750.0,
            "min": 166750.0,
            "max": 166750.0,
            "count": 1
        },
        "SmartBehaviour.Losses.PolicyLoss.mean": {
            "value": 0.02570835591759533,
            "min": 0.02570835591759533,
            "max": 0.02570835591759533,
            "count": 1
        },
        "SmartBehaviour.Losses.PolicyLoss.sum": {
            "value": 0.10283342367038131,
            "min": 0.10283342367038131,
            "max": 0.10283342367038131,
            "count": 1
        },
        "SmartBehaviour.Losses.ValueLoss.mean": {
            "value": 212058.06080729165,
            "min": 212058.06080729165,
            "max": 212058.06080729165,
            "count": 1
        },
        "SmartBehaviour.Losses.ValueLoss.sum": {
            "value": 848232.2432291666,
            "min": 848232.2432291666,
            "max": 848232.2432291666,
            "count": 1
        },
        "SmartBehaviour.Policy.LearningRate.mean": {
            "value": 0.0002846296551234499,
            "min": 0.0002846296551234499,
            "max": 0.0002846296551234499,
            "count": 1
        },
        "SmartBehaviour.Policy.LearningRate.sum": {
            "value": 0.0011385186204937996,
            "min": 0.0011385186204937996,
            "max": 0.0011385186204937996,
            "count": 1
        },
        "SmartBehaviour.Policy.Epsilon.mean": {
            "value": 0.19487655000000004,
            "min": 0.19487655000000004,
            "max": 0.19487655000000004,
            "count": 1
        },
        "SmartBehaviour.Policy.Epsilon.sum": {
            "value": 0.7795062000000001,
            "min": 0.7795062000000001,
            "max": 0.7795062000000001,
            "count": 1
        },
        "SmartBehaviour.Policy.Beta.mean": {
            "value": 0.004744339845,
            "min": 0.004744339845,
            "max": 0.004744339845,
            "count": 1
        },
        "SmartBehaviour.Policy.Beta.sum": {
            "value": 0.01897735938,
            "min": 0.01897735938,
            "max": 0.01897735938,
            "count": 1
        },
        "SmartBehaviour.IsTraining.mean": {
            "value": 1.0,
            "min": 1.0,
            "max": 1.0,
            "count": 1
        },
        "SmartBehaviour.IsTraining.sum": {
            "value": 1.0,
            "min": 1.0,
            "max": 1.0,
            "count": 1
        }
    },
    "metadata": {
        "timer_format_version": "0.1.0",
        "start_time_seconds": "1616151592",
        "python_version": "3.7.9 (tags/v3.7.9:13c94747c7, Aug 17 2020, 18:58:18) [MSC v.1900 64 bit (AMD64)]",
        "command_line_arguments": "C:\\Users\\home-user\\Desktop\\CS4442-Project\\Flappy_Bird\\venv\\Scripts\\mlagents-learn --force",
        "mlagents_version": "0.25.0",
        "mlagents_envs_version": "0.25.0",
        "communication_protocol_version": "1.5.0",
        "pytorch_version": "1.7.1+cu110",
        "numpy_version": "1.20.1",
        "end_time_seconds": "1616152829"
    },
    "total": 1237.4876943000002,
    "count": 1,
    "self": 0.004646100000172737,
    "children": {
        "run_training.setup": {
            "total": 0.6086346999999996,
            "count": 1,
            "self": 0.6086346999999996
        },
        "TrainerController.start_learning": {
            "total": 1236.8744135,
            "count": 1,
            "self": 2.2930888999862873,
            "children": {
                "TrainerController._reset_env": {
                    "total": 8.7693852,
                    "count": 1,
                    "self": 8.7693852
                },
                "TrainerController.advance": {
                    "total": 1225.6812988000138,
                    "count": 66939,
                    "self": 1.2515365000049314,
                    "children": {
                        "env_step": {
                            "total": 1224.4297623000089,
                            "count": 66939,
                            "self": 1098.5667292999983,
                            "children": {
                                "SubprocessEnvManager._take_step": {
                                    "total": 124.69071690001073,
                                    "count": 66939,
                                    "self": 4.747799900027246,
                                    "children": {
                                        "TorchPolicy.evaluate": {
                                            "total": 119.94291699998348,
                                            "count": 63121,
                                            "self": 30.24102399996184,
                                            "children": {
                                                "TorchPolicy.sample_actions": {
                                                    "total": 89.70189300002164,
                                                    "count": 63121,
                                                    "self": 89.70189300002164
                                                }
                                            }
                                        }
                                    }
                                },
                                "workers": {
                                    "total": 1.172316099999808,
                                    "count": 66938,
                                    "self": 0.0,
                                    "children": {
                                        "worker_root": {
                                            "total": 1225.7858407999968,
                                            "count": 66938,
                                            "is_parallel": true,
                                            "self": 213.59411339999428,
                                            "children": {
                                                "steps_from_proto": {
                                                    "total": 0.0006038000000003763,
                                                    "count": 1,