{
    "name": "root",
    "metadata": {
        "timer_format_version": "0.1.0",
        "start_time_seconds": "1616147300",
        "python_version": "3.7.9 (tags/v3.7.9:13c94747c7, Aug 17 2020, 18:58:18) [MSC v.1900 64 bit (AMD64)]",
        "command_line_arguments": "C:\\Users\\home-user\\Desktop\\CS4442-Project\\Flappy_Bird\\venv\\Scripts\\mlagents-learn --force",
        "mlagents_version": "0.25.0",
        "mlagents_envs_version": "0.25.0",
        "communication_protocol_version": "1.5.0",
        "pytorch_version": "1.7.1+cu110",
        "numpy_version": "1.20.1",
        "end_time_seconds": "1616148074"
    },
    "total": 774.7579303,
    "count": 1,
    "self": 0.005161200000088684,
    "children": {
        "run_training.setup": {
            "total": 0.18414659999999983,
            "count": 1,
            "self": 0.18414659999999983
        },
        "TrainerController.start_learning": {
            "total": 774.5686225,
            "count": 1,
            "self": 1.202180699992141,
            "children": {
                "TrainerController._reset_env": {
                    "total": 7.705530099999999,
                    "count": 1,
                    "self": 7.705530099999999
                },
                "TrainerController.advance": {
                    "total": 765.5219418000078,
                    "count": 37106,
                    "self": 0.6697934000092118,
                    "children": {
                        "env_step": {
                            "total": 764.8521483999986,
                            "count": 37106,
                            "self": 700.2684129999798,
                            "children": {
                                "SubprocessEnvManager._take_step": {
                                    "total": 63.95442430000303,
                                    "count": 37106,
                                    "self": 2.3835428000015284,
                                    "children": {
                                        "TorchPolicy.evaluate": {
                                            "total": 61.570881500001505,
                                            "count": 34101,
                                            "self": 15.20739060000718,
                                            "children": {
                                                "TorchPolicy.sample_actions": {
                                                    "total": 46.363490899994325,
                                                    "count": 34101,
                                                    "self": 46.363490899994325
                                                }
                                            }
                                        }
                                    }
                                },
                                "workers": {
                                    "total": 0.6293111000156877,
                                    "count": 37105,
                                    "self": 0.0,
                                    "children": {
                                        "worker_root": {
                                            "total": 765.5591859000028,
                                            "count": 37105,
                                            "is_parallel": true,
                                            "self": 109.47043180000298,
                                            "children": {
                                                "steps_from_proto": {
                                                    "total": 0.0006086999999999065,
                                                    "count": 1,
                                                    "is_parallel": true,
                                                    "self": 0.00035509999999927544,
                                                    "children": {
                                                        "_process_rank_one_or_two_observation": {
                                                            "total": 0.0002536000000006311,
                                                            "count": 2,
                                                            "is_parallel": true,
                                                            "self": 0.0002536000000006311
                                                        }
                                                    }
                                                },
                                                "UnityEnvironment.step": {
                                                    "total": 656.0881453999998,
                                                    "count": 37105,
                                                    "is_parallel": true,
                                                    "self": 4.021470600004363,
                                                    "children": {
                                                        "UnityEnvironment._generate_step_input": {
                                                            "total": 2.832077699997199,
                                                            "count": 37105,
                                                            "is_parallel": true,
                                                            "self": 2.832077699997199
                                                        },
                                                        "communicator.exchange": {
                                                            "total": 633.7148263999994,
                                                            "count": 37105,
                                                            "is_parallel": true,
                                                            "self": 633.7148263999994
                                                        },
                                                        "steps_from_proto": {
                                                            "total": 15.519770699998805,
                                                            "count": 37105,
                                                            "is_parallel": true,
                                                            "self": 10.488890999994958,
                                                            "children": {
                                                                "_process_rank_one_or_two_observation": {
                                                                    "total": 5.030879700003847,
                                                                    "count": 74210,
                                                                    "is_parallel": true,
                                                                    "self": 5.030879700003847
                                                                }
                                                            }
                                                        }
                                                    }
                                                }
                                            }
                                        }
                                    }
                                }
                            }
                        }
                    }
                },
                "trainer_threads": {
                    "total": 2.6400000024295878e-05,
                    "count": 1,
                    "self": 2.6400000024295878e-05,
                    "children": {
                        "thread_root": {
                            "total": 0.0,
                            "count": 0,
                            "is_parallel": true,
                            "self": 0.0,
                            "children": {
                                "trainer_advance": {
                                    "total": 765.6979789999887,