{
    "name": "root",
    "gauges": {
        "SmartBehaviour.Policy.Entropy.mean": {
            "value": 0.09099879860877991,
            "min": 0.09099879860877991,
            "max": 0.6928204894065857,
            "count": 100
        },
        "SmartBehaviour.Policy.Entropy.sum": {
            "value": 454.2659912109375,
            "min": 454.2659912109375,
            "max": 3522.2666015625,
            "count": 100
        },
        "SmartBehaviour.Environment.EpisodeLength.mean": {
            "value": 2124.5,
            "min": 24.474489795918366,
            "max": 3747.0,
            "count": 97
        },
        "SmartBehaviour.Environment.EpisodeLength.sum": {
            "value": 4249.0,
            "min": 1100.0,
            "max": 10303.0,
            "count": 97
        },
        "SmartBehaviour.Policy.ExtrinsicValueEstimate.mean": {
            "value": 0.6224380135536194,
            "min": -2.198251724243164,
            "max": 0.7297203540802002,
            "count": 100
        },
        "SmartBehaviour.Policy.ExtrinsicValueEstimate.sum": {
            "value": 48.550167083740234,
            "min": -415.4695739746094,
            "max": 57.64790725708008,
            "count": 100
        },
        "SmartBehaviour.Environment.CumulativeReward.mean": {
            "value": 19.3866029959172,
            "min": -0.9973372455154147,
            "max": 39.81280660443008,
            "count": 97
        },
        "SmartBehaviour.Environment.CumulativeReward.sum": {
            "value": 38.7732059918344,
            "min": -195.47810012102127,
            "max": 88.79011586168781,
            "count": 97
        },
        "SmartBehaviour.Policy.ExtrinsicReward.mean": {
            "value": 19.3866029959172,
            "min": -0.9973372455154147,
            "max": 39.81280660443008,
            "count": 97
        },
        "SmartBehaviour.Policy.ExtrinsicReward.sum": {
            "value": 38.7732059918344,
            "min": -195.47810012102127,
            "max": 88.79011586168781,
            "count": 97
        },
        "SmartBehaviour.IsTraining.mean": {
            "value": 1.0,
            "min": 1.0,
            "max": 1.0,
            "count": 100
        },
        "SmartBehaviour.IsTraining.sum": {
            "value": 1.0,
            "min": 1.0,
            "max": 1.0,
            "count": 100
        },
        "SmartBehaviour.Losses.PolicyLoss.mean": {
            "value": 0.025839212443679573,
            "min": 0.017437114845961332,
            "max": 0.033170520995433134,
            "count": 48
        },
        "SmartBehaviour.Losses.PolicyLoss.sum": {
            "value": 0.025839212443679573,
            "min": 0.017437114845961332,
            "max": 0.033170520995433134,
            "count": 48
        },
        "SmartBehaviour.Losses.ValueLoss.mean": {
            "value": 0.026870577099422612,
            "min": 0.0015953667655897636,
            "max": 0.09802042357623578,
            "count": 48
        },
        "SmartBehaviour.Losses.ValueLoss.sum": {
            "value": 0.026870577099422612,
            "min": 0.0015953667655897636,
            "max": 0.09802042357623578,
            "count": 48
        },
        "SmartBehaviour.Policy.LearningRate.mean": {
            "value": 4.045298651600015e-06,
            "min": 4.045298651600015e-06,
            "max": 0.00029383860205380003,
            "count": 48
        },
        "SmartBehaviour.Policy.LearningRate.sum": {
            "value": 4.045298651600015e-06,
            "min": 4.045298651600015e-06,
            "max": 0.00029383860205380003,
            "count": 48
        },
        "SmartBehaviour.Policy.Epsilon.mean": {
            "value": 0.1013484,
            "min": 0.1013484,
            "max": 0.19794619999999993,
            "count": 48
        },
        "SmartBehaviour.Policy.Epsilon.sum": {
            "value": 0.1013484,
            "min": 0.1013484,
            "max": 0.19794619999999993,
            "count": 48
        },
        "SmartBehaviour.Policy.Beta.mean": {
            "value": 7.728516000000024e-05,
            "min": 7.728516000000024e-05,
            "max": 0.004897515379999999,
            "count": 48
        },
        "SmartBehaviour.Policy.Beta.sum": {
            "value": 7.728516000000024e-05,
            "min": 7.728516000000024e-05,
            "max": 0.004897515379999999,
            "count": 48
        }
    },
    "metadata": {
        "timer_format_version": "0.1.0",
        "start_time_seconds": "1618119915",
        "python_version": "3.7.9 (tags/v3.7.9:13c94747c7, Aug 17 2020, 18:58:18) [MSC v.1900 64 bit (AMD64)]",
        "command_line_arguments": "C:\\Users\\home-user\\Desktop\\CS4442-Project\\Flappy_Bird\\venv\\Scripts\\mlagents-learn Config\\TEST50ppo.yaml --run-id=TEST50ppo --force",
        "mlagents_version": "0.25.0",
        "mlagents_envs_version": "0.25.0",
        "communication_protocol_version": "1.5.0",
        "pytorch_version": "1.7.1+cu110",
        "numpy_version": "1.20.1",
        "end_time_seconds": "1618121743"
    },
    "total": 1827.0502476,
    "count": 1,
    "self": 0.04890059999979712,
    "children": {
        "run_training.setup": {
            "total": 0.1829018,
            "count": 1,
            "self": 0.1829018
        },
        "TrainerController.start_learning": {
            "total": 1826.8184452,
            "count": 1,
            "self": 4.071902100020225,
            "children": {
                "TrainerController._reset_env": {
                    "total": 21.7710135,
                    "count": 1,
                    "self": 21.7710135
                },
                "TrainerController.advance": {
                    "total": 1800.8621430999797,
                    "count": 127286,
                    "self": 2.284851199941386,
                    "children": {
                        "env_step": {
                            "total": 1798.5772919000383,
                            "count": 127286,
                            "self": 1345.6968461000813,
                            "children": {
                                "SubprocessEnvManager._take_step": {
                                    "total": 450.6946154999879,
                                    "count": 127286,
                                    "self": 9.292762100029677,
                                    "children": {
                                        "TorchPolicy.evaluate": {
                                            "total": 441.4018533999582,
                                            "count": 125043,
                                            "self": 95.91048379997102,
                                            "children": {
                                                "TorchPolicy.sample_actions": {
                                                    "total": 345.4913695999872,
                                                    "count": 125043,
                                                    "self": 345.4913695999872
                                                }
                                            }
                                        }
                                    }
                                },
                                "workers": {
                                    "total": 2.1858302999691688,
                                    "count": 127286,
                                    "self": 0.0,
                                    "children": {
                                        "worker_root": {
                                            "total": 1800.7792839000142,
                                            "count": 127286,
                                            "is_parallel": true,
                                            "self": 694.4021964000285,