{
    "name": "root",
    "metadata": {
        "timer_format_version": "0.1.0",
        "start_time_seconds": "1618128767",
        "python_version": "3.7.9 (tags/v3.7.9:13c94747c7, Aug 17 2020, 18:58:18) [MSC v.1900 64 bit (AMD64)]",
        "command_line_arguments": "C:\\Users\\home-user\\Desktop\\CS4442-Project\\Flappy_Bird\\venv\\Scripts\\mlagents-learn Config\\TEST55-sac.yaml --run-id=TEST55sac-f39 --resume",
        "mlagents_version": "0.25.0",
        "mlagents_envs_version": "0.25.0",
        "communication_protocol_version": "1.5.0",
        "pytorch_version": "1.7.1+cu110",
        "numpy_version": "1.20.1",
        "end_time_seconds": "1618128782"
    },
    "total": 14.778970000000001,
    "count": 1,
    "self": 0.09751710000000102,
    "children": {
        "run_training.setup": {
            "total": 0.18791069999999999,
            "count": 1,
            "self": 0.18791069999999999
        },
        "TrainerController.start_learning": {
            "total": 14.4935422,
            "count": 1,
            "self": 0.002709799999998097,
            "children": {
                "TrainerController._reset_env": {
                    "total": 14.2465866,
                    "count": 1,
                    "self": 14.2465866
                },
                "trainer_threads": {
                    "total": 2.040000000036457e-05,
                    "count": 1,
                    "self": 2.040000000036457e-05,
                    "children": {
                        "thread_root": {
                            "total": 0.0,
                            "count": 0,
                            "is_parallel": true,
                            "self": 0.0,
                            "children": {
                                "trainer_advance": {
                                    "total": 0.002579500000001289,
                                    "count": 1,
                                    "is_parallel": true,
                                    "self": 4.290000000217731e-05,
                                    "children": {
                                        "process_trajectory": {
                                            "total": 0.002536599999999112,
                                            "count": 1,
                                            "is_parallel": true,
                                            "self": 0.002536599999999112
                                        }
                                    }
                                }
                            }
                        }
                    }
                },
                "TrainerController._save_models": {
                    "total": 0.24422540000000126,
                    "count": 1,
                    "self": 0.08108220000000088,
                    "children": {
                        "RLTrainer._checkpoint": {
                            "total": 0.16314320000000038,
                            "count": 1,
                            "self": 0.16314320000000038
                        }
                    }
                }
            }
        }
    }
}