{
    "name": "root",
    "gauges": {
        "SmartBehaviour.Policy.Entropy.mean": {
            "value": 0.017950357869267464,
            "min": 0.017950357869267464,
            "max": 0.10066356509923935,
            "count": 29
        },
        "SmartBehaviour.Policy.Entropy.sum": {
            "value": 352.9938049316406,
            "min": 352.9938049316406,
            "max": 1968.9793701171875,
            "count": 29
        },
        "SmartBehaviour.Policy.ExtrinsicValueEstimate.mean": {
            "value": 3.497390031814575,
            "min": 2.748950481414795,
            "max": 3.547274351119995,
            "count": 29
        },
        "SmartBehaviour.Policy.ExtrinsicValueEstimate.sum": {
            "value": 279.79119873046875,
            "min": 99.8382568359375,
            "max": 287.3292236328125,
            "count": 29
        },
        "SmartBehaviour.IsTraining.mean": {
            "value": 1.0,
            "min": 1.0,
            "max": 1.0,
            "count": 29
        },
        "SmartBehaviour.IsTraining.sum": {
            "value": 1.0,
            "min": 1.0,
            "max": 1.0,
            "count": 29
        },
        "SmartBehaviour.Losses.PolicyLoss.mean": {
            "value": 0.02525845387329658,
            "min": 0.019042666737611097,
            "max": 0.02861274551444997,
            "count": 28
        },
        "SmartBehaviour.Losses.PolicyLoss.sum": {
            "value": 0.05051690774659316,
            "min": 0.022655744571238756,
            "max": 0.05722549102889994,
            "count": 28
        },
        "SmartBehaviour.Losses.ValueLoss.mean": {
            "value": 0.24711744114756584,
            "min": 0.06378965104619662,
            "max": 0.3084535603721936,
            "count": 28
        },
        "SmartBehaviour.Losses.ValueLoss.sum": {
            "value": 0.4942348822951317,
            "min": 0.07677685618400573,
            "max": 0.6169071207443872,
            "count": 28
        },
        "SmartBehaviour.Policy.LearningRate.mean": {
            "value": 0.002287085723763809,
            "min": 0.002287085723763809,
            "max": 0.0026115963129467908,
            "count": 28
        },
        "SmartBehaviour.Policy.LearningRate.sum": {
            "value": 0.004574171447527618,
            "min": 0.0023337234222092205,
            "max": 0.0052231926258935815,
            "count": 28
        },
        "SmartBehaviour.Policy.Epsilon.mean": {
            "value": 0.17623619000000001,
            "min": 0.17623619000000001,
            "max": 0.18705321000000003,
            "count": 28
        },
        "SmartBehaviour.Policy.Epsilon.sum": {
            "value": 0.35247238000000003,
            "min": 0.17779077999999993,
            "max": 0.37410642000000005,
            "count": 28
        },
        "SmartBehaviour.Policy.Beta.mean": {
            "value": 0.0038141858810000003,
            "min": 0.0038141858810000003,
            "max": 0.004353955179,
            "count": 28
        },
        "SmartBehaviour.Policy.Beta.sum": {
            "value": 0.0076283717620000005,
            "min": 0.003891759922,
            "max": 0.008707910358,
            "count": 28
        },
        "SmartBehaviour.Environment.EpisodeLength.mean": {
            "value": 2982.75,
            "min": 1828.0833333333333,
            "max": 18592.5,
            "count": 25
        },
        "SmartBehaviour.Environment.EpisodeLength.sum": {
            "value": 11931.0,
            "min": 5019.0,
            "max": 97482.0,
            "count": 25
        },
        "SmartBehaviour.Environment.CumulativeReward.mean": {
            "value": 107.20301389694214,
            "min": 48.43992398182551,
            "max": 593.8245599269867,
            "count": 25
        },
        "SmartBehaviour.Environment.CumulativeReward.sum": {
            "value": 428.81205558776855,
            "min": 144.07601261138916,
            "max": 3236.215462088585,
            "count": 25
        },
        "SmartBehaviour.Policy.ExtrinsicReward.mean": {
            "value": 107.20301389694214,
            "min": 48.43992398182551,
            "max": 593.8245599269867,
            "count": 25
        },
        "SmartBehaviour.Policy.ExtrinsicReward.sum": {
            "value": 428.81205558776855,
            "min": 144.07601261138916,
            "max": 3236.215462088585,
            "count": 25
        }
    },
    "metadata": {
        "timer_format_version": "0.1.0",
        "start_time_seconds": "1617254253",
        "python_version": "3.7.9 (tags/v3.7.9:13c94747c7, Aug 17 2020, 18:58:18) [MSC v.1900 64 bit (AMD64)]",
        "command_line_arguments": "C:\\Users\\home-user\\Desktop\\CS4442-Project\\Flappy_Bird\\venv\\Scripts\\mlagents-learn Config\\TEST25.yaml --run-id=TEST25 --resume",
        "mlagents_version": "0.25.0",
        "mlagents_envs_version": "0.25.0",
        "communication_protocol_version": "1.5.0",
        "pytorch_version": "1.7.1+cu110",
        "numpy_version": "1.20.1",
        "end_time_seconds": "1617256499"
    },
    "total": 2246.3061167,
    "count": 1,
    "self": 0.008891500000117958,
    "children": {
        "run_training.setup": {
            "total": 0.18705799999999995,
            "count": 1,
            "self": 0.18705799999999995
        },
        "TrainerController.start_learning": {
            "total": 2246.1101672,
            "count": 1,
            "self": 3.782159299981231,
            "children": {
                "TrainerController._reset_env": {
                    "total": 14.497462299999999,
                    "count": 1,
                    "self": 14.497462299999999
                },
                "TrainerController.advance": {
                    "total": 2227.690516200019,
                    "count": 114674,
                    "self": 2.2129100000433937,
                    "children": {
                        "env_step": {
                            "total": 2225.4776061999755,
                            "count": 114674,
                            "self": 1787.259601299863,
                            "children": {
                                "SubprocessEnvManager._take_step": {
                                    "total": 436.1950254000442,
                                    "count": 114674,
                                    "self": 8.517299700049705,
                                    "children": {
                                        "TorchPolicy.evaluate": {
                                            "total": 427.6777256999945,
                                            "count": 114594,
                                            "self": 91.4143827000309,
                                            "children": {
                                                "TorchPolicy.sample_actions": {
                                                    "total": 336.2633429999636,
                                                    "count": 114594,
                                                    "self": 336.2633429999636
                                                }
                                            }
                                        }
                                    }
                                },
                                "workers": {
                                    "total": 2.022979500068306,
                                    "count": 114673,
                                    "self": 0.0,
                                    "children": {
                                        "worker_root": {
                                            "total": 2227.512914100034,
                                            "count": 114673,
                                            "is_parallel": true,
                                            "self": 684.2837567000208,